Date,Adj Close,Close,High,Low,Open,Volume
2010-01-04,11925.15918,16180,16180,16000,16060,11950800
2010-01-05,12116.78711,16440,16580,16300,16520,27925850
2010-01-06,12396.85742,16820,16820,16520,16580,22948850
2010-01-07,11984.12012,16260,16820,16260,16820,22107950
2010-01-08,12102.04785,16420,16420,16120,16400,14777550
2010-01-11,11748.27344,15940,16460,15940,16420,19896100
2010-01-12,11925.15918,16180,16180,15900,15940,19218050
2010-01-13,11748.27344,15940,16120,15940,16100,13375300
2010-01-14,12190.49023,16540,16620,16000,16120,26551550
2010-01-15,12411.60059,16840,16860,16580,16640,19905600
2010-01-18,12426.34082,16860,16920,16560,16800,13060400
2010-01-19,12131.53027,16460,17000,16440,17000,12041250
2010-01-20,12293.67383,16680,16740,16460,16460,19200850
2010-01-21,12529.52148,17000,17000,16400,16400,16990100
2010-01-22,12161.00879,16500,16900,16360,16800,23460500
2010-01-25,12411.60059,16840,16960,16300,16320,20578400
2010-01-26,12013.60449,16300,16920,16240,16920,18722300
2010-01-27,11792.49316,16000,16340,16000,16300,18516150
2010-01-28,11910.41797,16160,16300,16060,16160,13795800
2010-01-29,11556.64453,15680,16020,15600,16000,22854100
2010-02-01,11453.46094,15540,15700,15300,15680,25037200
2010-02-02,11379.75586,15440,15800,15400,15800,19677150
2010-02-03,11453.46094,15540,15700,15360,15640,16467700
2010-02-04,11438.7168,15520,15660,15440,15500,11971700
2010-02-05,11055.46289,15000,15220,14940,15160,25705750
2010-02-08,11025.98145,14960,15080,14820,14940,21891500
2010-02-09,11217.60938,15220,15220,14840,14960,16834200
2010-02-10,11129.16602,15100,15280,15040,15260,13174200
2010-02-11,11247.09082,15260,15300,15120,15140,13208300
2010-02-12,11055.46289,15000,15340,14900,15340,22879300
2010-02-16,11143.9082,15120,15180,14960,15000,7723550
2010-02-17,11482.94043,15580,15580,15280,15440,13997150
2010-02-18,11423.97949,15500,15620,15440,15580,7251900
2010-02-19,11202.87012,15200,15540,15180,15380,11094000
2010-02-22,11394.5,15460,15560,15400,15440,11580550
2010-02-23,11306.05176,15340,15480,15120,15480,12568850
2010-02-24,11084.94531,15040,15220,15000,15180,15052500
2010-02-25,10849.09473,14720,15160,14680,15080,19273900
2010-02-26,10967.02148,14880,14960,14660,14800,15576350
2010-03-02,11350.27637,15400,15480,15120,15220,23494700
2010-03-03,11365.01563,15420,15460,15260,15420,9713550
2010-03-04,11217.60938,15220,15440,15120,15420,10205050
2010-03-05,11423.97949,15500,15500,15260,15260,11754700
2010-03-08,11586.125,15720,15840,15700,15800,19563300
2010-03-09,11586.125,15720,15740,15540,15740,12211750
2010-03-10,11556.64453,15680,15740,15560,15720,11367600
2010-03-11,11468.20215,15560,15880,15560,15800,19631000
2010-03-12,11468.20215,15560,15680,15420,15560,9997950
2010-03-15,11320.7959,15360,15660,15280,15640,11156550
2010-03-16,11276.57324,15300,15400,15160,15360,16548150
2010-03-17,11763.01172,15960,15960,15420,15440,21840650
2010-03-18,11748.27344,15940,16140,15900,15900,15393500
2010-03-19,11851.45508,16080,16140,15960,16020,10711200
2010-03-22,11807.23535,16020,16080,15840,16060,9191800
2010-03-23,11925.15918,16180,16300,16100,16140,9923300
2010-03-24,12072.56543,16380,16500,16260,16300,15926950
2010-03-25,12072.56543,16380,16440,16180,16300,9481650
2010-03-26,12087.30469,16400,16500,16240,16460,10481650
2010-03-29,12057.8252,16360,16500,16200,16200,7756350
2010-03-30,11998.86133,16280,16580,16240,16540,12042400
2010-03-31,12057.8252,16360,16680,16260,16280,21699800
2010-04-01,12455.82324,16900,16900,16480,16520,28068050
2010-04-02,12632.70703,17140,17200,16820,16920,20907050
2010-04-05,12824.33789,17400,17400,17140,17220,15201700
2010-04-06,12809.59668,17380,17500,17220,17480,16494250
2010-04-07,12662.1875,17180,17380,17040,17300,19418550
2010-04-08,12721.15527,17260,17260,17060,17140,13447700
2010-04-09,12617.96484,17120,17320,16960,17280,13757650
2010-04-12,12234.71289,16600,17200,16540,17180,24897000
2010-04-13,12205.2334,16560,16680,16300,16680,20446350
2010-04-14,12455.82324,16900,16940,16660,16700,15369350
2010-04-15,12603.22656,17100,17240,16880,17240,18248400
2010-04-16,12500.04102,16960,17160,16820,17100,11003100
2010-04-19,12190.49023,16540,16800,16520,16740,12357100
2010-04-20,12205.2334,16560,16640,16420,16540,13571500
2010-04-21,12559.00195,17040,17060,16700,16760,13200200
2010-04-22,12396.85742,16820,16980,16660,16980,17161750
2010-04-23,12234.71289,16600,16960,16560,16960,15442000
2010-04-26,12293.67383,16680,16840,16600,16700,13009350
2010-04-27,12308.41309,16700,16760,16540,16620,13040500
2010-04-28,12161.00879,16500,16500,16360,16400,16007500
2010-04-29,12161.00879,16500,16620,16320,16600,11337150
2010-04-30,12514.78613,16980,17040,16540,16560,22710850
2010-05-03,12219.9707,16580,16900,16540,16900,14553900
2010-05-04,12293.67383,16680,16860,16600,16800,9138450
2010-05-06,11998.86133,16280,16380,16200,16340,22570150
2010-05-07,11704.0498,15880,15980,15760,15960,37887000
2010-05-10,11836.71582,16060,16100,15940,16000,16435550
2010-05-11,11659.82617,15820,16240,15820,16240,22498000
2010-05-12,11630.34668,15780,15960,15640,15940,15759500
2010-05-13,11984.12012,16260,16400,15940,15960,15900650
2010-05-14,11939.89941,16200,16240,15980,16120,14674300
2010-05-17,11556.64453,15680,15980,15560,15960,26460950
2010-05-18,11674.56836,15840,15900,15680,15800,18143800
2010-05-19,11394.5,15460,15700,15380,15700,17987050
2010-05-20,11143.9082,15120,15440,15100,15300,19772500
2010-05-24,11173.38867,15160,15280,14880,14940,17704300
2010-05-25,10922.79883,14820,15120,14720,15000,25489550
2010-05-26,11055.46289,15000,15380,14900,15200,22943950
2010-05-27,11379.75586,15440,15500,14820,14880,22173500
2010-05-28,11468.20215,15560,15740,15340,15740,22448950
2010-05-31,11438.7168,15520,15620,15360,15440,12774650
2010-06-01,11320.7959,15360,15580,15300,15520,11382350
2010-06-03,11453.46094,15540,15680,15480,15600,14649400
2010-06-04,11689.30859,15860,15940,15480,15500,12598850
2010-06-07,11600.86426,15740,15740,15540,15580,15161550
2010-06-08,11571.38574,15700,15960,15520,15700,14499800
2010-06-09,11350.27637,15400,15840,15320,15840,17914950
2010-06-10,11394.5,15460,15600,15420,15540,17769350
2010-06-11,11748.27344,15940,15940,15660,15700,18283050
2010-06-14,11895.67773,16140,16180,15820,15820,12094650
2010-06-15,11763.01172,15960,16200,15960,16200,9528550
2010-06-16,12072.56543,16380,16440,16180,16300,18823500
2010-06-17,12043.08105,16340,16340,16200,16240,11648800
2010-06-18,12116.78711,16440,16500,16240,16500,9579500
2010-06-21,12234.71289,16600,16780,16500,16600,14230700
2010-06-22,12028.34277,16320,16540,16260,16540,14794100
2010-06-23,11866.19824,16100,16220,16000,16220,17489950
2010-06-24,12087.30469,16400,16460,16100,16160,14152200
2010-06-25,11866.19824,16100,16200,16040,16180,16982600
2010-06-28,11733.53027,15920,16160,15920,16100,13026700
2010-06-29,11748.36719,15840,16080,15740,16020,12560000
2010-06-30,11481.35742,15480,15600,15400,15400,26708450
2010-07-01,11362.68945,15320,15600,15200,15580,22206400
2010-07-02,11377.51953,15340,15480,15260,15400,11641100
2010-07-05,11377.51953,15340,15400,15220,15260,9995600
2010-07-06,11496.19043,15500,15500,15100,15240,17879550
2010-07-07,11407.18652,15380,15620,15300,15600,16180150
2010-07-08,11496.19043,15500,15680,15400,15660,14752850
2010-07-09,11807.69824,15920,15920,15460,15580,18605950
2010-07-12,11896.7041,16040,16040,15840,15980,12597450
2010-07-13,11807.69824,15920,16160,15880,15960,15339650
2010-07-14,12223.04492,16480,16560,16260,16260,33184600
2010-07-15,12163.71191,16400,16500,16360,16500,16063950
2010-07-16,11896.7041,16040,16400,16040,16320,16933400
2010-07-19,11792.86719,15900,15980,15720,15720,14586800
2010-07-20,11837.36816,15960,16040,15720,15900,11578400
2010-07-21,12119.20996,16340,16360,16120,16340,16558800
2010-07-22,11985.70605,16160,16340,16020,16240,15439550
2010-07-23,12030.20996,16220,16340,16140,16300,14112800
2010-07-26,12134.04395,16360,16400,16180,16260,10617450
2010-07-27,12297.21582,16580,16600,16420,16480,19088350
2010-07-28,12415.88477,16740,16800,16620,16640,23248200
2010-07-29,12267.54785,16540,16800,16480,16780,14865300
2010-07-30,12015.37305,16200,16540,16200,16440,16399000
2010-08-02,12015.37305,16200,16360,16200,16340,12455050
2010-08-03,12089.54297,16300,16440,16300,16400,13105950
2010-08-04,11956.04102,16120,16360,16120,16340,10616650
2010-08-05,11926.37305,16080,16360,16060,16220,14028550
2010-08-06,11881.86816,16020,16200,15980,16200,12296750
2010-08-09,11896.7041,16040,16040,15960,15980,9138150
2010-08-10,11763.19922,15860,16080,15820,16000,14060850
2010-08-11,11555.52441,15580,15780,15540,15680,17957900
2010-08-12,11362.68945,15320,15540,15300,15360,21360650
2010-08-13,11585.19336,15620,15640,15340,15400,14274900
2010-08-16,11600.02539,15640,15660,15340,15460,10280000
2010-08-17,11600.02539,15640,15660,15420,15540,14476450
2010-08-18,11540.69238,15560,15700,15480,15680,11715900
2010-08-19,11703.86133,15780,15780,15540,15580,12179900
2010-08-20,11629.69434,15680,15720,15540,15600,12330600
2010-08-23,11718.69727,15800,15820,15640,15720,9081550
2010-08-24,11614.8584,15660,15720,15500,15700,11365400
2010-08-25,11451.68848,15440,15560,15440,15520,9263250
2010-08-26,11466.52832,15460,15660,15400,15440,10440100
2010-08-27,11362.68945,15320,15440,15300,15300,12748200
2010-08-30,11511.02246,15520,15560,15440,15500,6984450
2010-08-31,11214.34473,15120,15440,15120,15320,22051950
2010-09-01,11155.01367,15040,15260,15000,15240,19451700
2010-09-02,11258.85254,15180,15240,14980,15200,18271500
2010-09-03,11288.5166,15220,15280,15120,15220,22082500
2010-09-06,11570.35742,15600,15600,15360,15440,19708650
2010-09-07,11689.03027,15760,15800,15500,15660,16036000
2010-09-08,11436.85645,15420,15620,15420,15520,10954600
2010-09-09,11214.34473,15120,15480,15120,15340,30825400
2010-09-10,11362.68945,15320,15440,15140,15200,13989000
2010-09-13,11422.02344,15400,15520,15320,15400,11741050
2010-09-14,11273.68359,15200,15620,15200,15500,18559950
2010-09-15,11229.18066,15140,15340,15020,15260,19441850
2010-09-16,11229.18066,15140,15260,15080,15080,11734100
2010-09-17,11466.52832,15460,15560,15160,15240,22369300
2010-09-20,11570.35742,15600,15600,15400,15480,14807550
2010-09-24,11303.35449,15240,15600,15160,15580,32766800
2010-09-27,11199.51367,15100,15360,15040,15300,25107150
2010-09-28,11051.18164,14900,15120,14900,15100,23315700
2010-09-29,11451.68848,15440,15500,15000,15060,35348050
2010-09-30,11525.86133,15540,15580,15340,15440,16855500
2010-10-01,11525.86133,15540,15560,15380,15440,14805750
2010-10-04,11570.35742,15600,15620,15480,15600,12835350
2010-10-05,11466.52832,15460,15580,15420,15440,14300150
2010-10-06,11763.19922,15860,15880,15520,15560,23555150
2010-10-07,11422.02344,15400,15660,15380,15580,25542150
2010-10-08,11244.0166,15160,15320,15060,15260,27125750
2010-10-11,11169.84766,15060,15260,15060,15240,18784450
2010-10-12,11066.01074,14920,15120,14920,15040,18391350
2010-10-13,11036.34473,14880,15040,14860,15040,20414700
2010-10-14,11125.34473,15000,15060,14840,15060,26710000
2010-10-15,11184.68164,15080,15120,14900,15000,24686150
2010-10-18,11140.17871,15020,15240,14960,15140,13804400
2010-10-19,10991.83984,14820,15020,14820,15000,19450000
2010-10-20,11051.18164,14900,14980,14700,14800,18474100
2010-10-21,11347.85254,15300,15300,14820,14900,28370400
2010-10-22,11525.86133,15540,15540,15340,15460,20425550
2010-10-25,11436.85645,15420,15580,15340,15460,12353450
2010-10-26,11318.18555,15260,15420,15160,15360,15629050
2010-10-27,11169.84766,15060,15300,15020,15160,16732750
2010-10-28,11333.02148,15280,15300,15060,15200,14631600
2010-10-29,11051.18164,14900,15300,14900,15280,23060950
2010-11-01,11080.84375,14940,15060,14860,15060,14837800
2010-11-02,10977.00879,14800,14960,14740,14940,16536700
2010-11-03,10977.00879,14800,14980,14780,14800,17874950
2010-11-04,11318.18555,15260,15280,14900,14940,27312500
2010-11-05,11511.02246,15520,15800,15500,15600,35165050
2010-11-08,11540.69238,15560,15760,15520,15700,13961400
2010-11-09,11481.35742,15480,15680,15340,15680,12801650
2010-11-10,11718.69727,15800,15800,15500,15600,21088000
2010-11-11,11377.51953,15340,15980,15340,15860,44525300
2010-11-12,11540.69238,15560,15800,15460,15680,28325650
2010-11-15,11985.70605,16160,16300,15700,15720,35892450
2010-11-16,12030.20996,16220,16400,16000,16280,29475050
2010-11-17,11792.86719,15900,16080,15900,16020,17123100
2010-11-18,11852.2002,15980,16100,15860,15940,13296000
2010-11-19,12134.04395,16360,16380,16000,16160,19355150
2010-11-22,12579.05664,16960,16960,16360,16400,36057400
2010-11-23,12460.39063,16800,17020,16680,17000,18280200
2010-11-24,12623.55762,17020,17040,16500,16520,31792000
2010-11-25,12534.56055,16900,17060,16760,17060,18359500
2010-11-26,12415.88477,16740,16980,16640,16960,15679300
2010-11-29,12401.05371,16720,16920,16620,16700,15401050
2010-11-30,12252.71582,16520,16920,16520,16640,21205500
2010-12-01,12163.71191,16400,16560,16280,16480,18777150
2010-12-02,12742.22852,17180,17180,16500,16560,30608400
2010-12-03,13261.41504,17880,17940,17340,17400,39373850
2010-12-06,13202.07617,17800,17980,17700,17800,16837550
2010-12-07,13365.24805,18020,18420,17700,17740,24906050
2010-12-08,13172.40723,17760,18200,17740,18060,16803250
2010-12-09,13602.58887,18340,18360,17680,17700,29422050
2010-12-10,13632.25879,18380,18380,18140,18300,12757050
2010-12-13,13795.42578,18600,18640,18320,18380,15359300
2010-12-14,13780.59863,18580,18740,18420,18740,22126100
2010-12-15,13587.75391,18320,18500,18200,18500,16449400
2010-12-16,13513.58887,18220,18380,18160,18160,11684200
2010-12-17,13736.0918,18520,18580,18240,18280,17297200
2010-12-20,13825.10156,18640,18640,18280,18340,16911750
2010-12-21,13884.43652,18720,18800,18500,18620,12599300
2010-12-22,13928.93262,18780,19060,18720,18780,16626800
2010-12-23,13884.43652,18720,18760,18500,18720,10985500
2010-12-24,13721.25977,18500,18780,18500,18780,8471650
2010-12-27,13676.75977,18440,18600,18300,18500,10524200
2010-12-28,13914.09766,18760,19000,18520,18560,15650700
2010-12-29,14093.05859,18900,19020,18640,18700,11918900
2010-12-30,14152.71484,18980,19040,18840,18840,9181500
2011-01-03,14286.93164,19160,19320,19000,19100,13241050
2011-01-04,14286.93164,19160,19220,18980,19120,13713100
2011-01-05,14048.32031,18840,19100,18840,19100,16787500
2011-01-06,13869.35547,18600,18980,18460,18840,19360400
2011-01-07,13735.1377,18420,18580,18280,18300,23139800
2011-01-10,13675.48633,18340,18560,18180,18360,18326750
2011-01-11,13615.83203,18260,18440,18160,18340,19550800
2011-01-12,13869.35547,18600,18660,18280,18280,20555800
2011-01-13,13750.05273,18440,18980,18340,18980,28239850
2011-01-14,13914.10059,18660,18680,18300,18560,15382350
2011-01-17,14152.71484,18980,19020,18800,18900,20582100
2011-01-18,14450.98242,19380,19620,18980,19000,29631350
2011-01-19,14868.55176,19940,20000,19320,19580,33343200
2011-01-20,14644.85059,19640,19800,19580,19740,15244400
2011-01-21,14480.80273,19420,19680,19400,19520,16666400
2011-01-24,14480.80273,19420,19660,19320,19360,13609350
2011-01-25,14540.45996,19500,19800,19420,19440,13970550
2011-01-26,14883.46387,19960,19980,19600,19700,13352500
2011-01-27,14823.81152,19880,20040,19820,19900,15367000
2011-01-28,15062.42285,20200,20280,19800,19960,19118950
2011-01-31,14629.94043,19620,20200,19620,20180,21411900
2011-02-01,14659.76758,19660,19900,19580,19640,13468450
2011-02-07,14495.7168,19440,20080,19440,20040,24252200
2011-02-08,14331.6709,19220,19480,19180,19400,30483500
2011-02-09,14316.75879,19200,19460,19020,19460,20984650
2011-02-10,13958.84375,18720,19300,18700,19200,30669300
2011-02-11,13645.66016,18300,18860,18260,18700,26489900
2011-02-14,14212.36719,19060,19100,18500,18560,19565800
2011-02-15,14286.93164,19160,19400,18940,19260,18105800
2011-02-16,14093.05859,18900,19400,18900,19040,15182650
2011-02-17,14227.27832,19080,19260,18860,19060,14348550
2011-02-18,14316.75879,19200,19320,19140,19300,10253850
2011-02-21,14137.79492,18960,19300,18840,19280,13750850
2011-02-22,13988.66504,18760,18960,18680,18780,12181550
2011-02-23,13869.35547,18600,18820,18500,18500,17193000
2011-02-24,13854.44824,18580,18680,18400,18520,18110900
2011-02-25,13809.7041,18520,18660,18460,18560,15181200
2011-02-28,13764.96484,18460,18680,18400,18400,16274800
2011-03-02,13690.40039,18360,18460,18240,18280,16134300
2011-03-03,13764.96484,18460,18540,18320,18380,18074200
2011-03-04,14093.05859,18900,18900,18540,18680,18569150
2011-03-07,13511.44043,18120,18860,18120,18860,31883600
2011-03-08,13407.04883,17980,18240,17880,18220,24905400
2011-03-09,13272.82813,17800,18160,17640,18120,26296300
2011-03-10,12914.91113,17320,17680,17320,17580,41630200
2011-03-11,12855.25879,17240,17520,17200,17220,26884000
2011-03-14,13421.96094,18000,18020,17060,17600,33325000
2011-03-15,12825.43359,17200,18040,17120,18020,36313200
2011-03-16,13213.1748,17720,17900,17440,17700,39939050
2011-03-17,13272.82813,17800,17800,17360,17560,22505200
2011-03-18,13287.74023,17820,17900,17660,17840,19166050
2011-03-21,13272.82813,17800,17980,17680,17820,14473500
2011-03-22,13049.12793,17500,17940,17400,17840,21810300
2011-03-23,13019.30469,17460,17600,17180,17600,25229000
2011-03-24,13123.69531,17600,17760,17480,17600,15392550
2011-03-25,13571.0918,18200,18200,17800,17840,31078100
2011-03-28,13660.57227,18320,18440,18180,18300,15890200
2011-03-29,13660.57227,18320,18320,18000,18140,17204100
2011-03-30,13809.7041,18520,18580,18320,18320,20685150
2011-03-31,13899.18848,18640,18720,18420,18720,26376550
2011-04-01,14018.49414,18800,18800,18540,18720,22471700
2011-04-04,14093.05859,18900,18900,18780,18800,16716750
2011-04-05,14093.05859,18900,18960,18700,18960,11922000
2011-04-06,13764.96484,18460,18840,18300,18800,27471850
2011-04-07,13556.17871,18180,18700,18100,18500,21781250
2011-04-08,13392.13867,17960,18280,17900,18220,25983450
2011-04-11,13332.48242,17880,18140,17760,17960,20582800
2011-04-12,13153.52441,17640,17800,17640,17720,15766950
2011-04-13,13436.87207,18020,18020,17600,17740,16627750
2011-04-14,13421.96094,18000,18000,17680,18000,25265700
2011-04-15,13242.99805,17760,17980,17640,17960,22274750
2011-04-18,12929.82227,17340,17840,17320,17820,27418700
2011-04-19,13049.12793,17500,17500,17060,17060,23078650
2011-04-20,13660.57227,18320,18320,17720,17780,32044250
2011-04-21,13839.53711,18560,18740,18360,18600,27071850
2011-04-22,13481.6123,18080,18540,18040,18480,18825450
2011-04-25,13257.91309,17780,18220,17780,18020,14338950
2011-04-26,13377.22461,17940,17980,17600,17980,19174650
2011-04-27,13779.88086,18480,18540,18220,18340,26379400
2011-04-28,13421.96094,18000,18540,17980,18480,20803400
2011-04-29,13317.56738,17860,18160,17600,18020,21415000
2011-05-02,13899.18848,18640,18740,18080,18200,32544850
2011-05-03,13988.66504,18760,18800,18440,18720,25366500
2011-05-04,13645.66016,18300,18680,18000,18600,25769850
2011-05-06,13407.04883,17980,18280,17900,17980,23637450
2011-05-09,13287.74023,17820,18220,17820,18160,13543350
2011-05-11,13302.65527,17840,17900,17640,17780,22363750
2011-05-12,13198.25977,17700,18020,17660,17720,27616100
2011-05-13,13660.57227,18320,18480,17800,17920,33438000
2011-05-16,13436.87207,18020,18380,17960,18340,16123700
2011-05-17,13272.82813,17800,17960,17780,17940,11549950
2011-05-18,13317.56738,17860,17980,17720,17860,16579300
2011-05-19,13123.69531,17600,17960,17600,17820,19345200
2011-05-20,13153.52441,17640,17740,17600,17700,11069950
2011-05-23,13019.30469,17460,17700,17440,17540,14056000
2011-05-24,12899.99707,17300,17680,17300,17440,14488500
2011-05-25,12765.77344,17120,17580,17060,17580,16018050
2011-05-26,13108.78223,17580,17600,17300,17360,13968500
2011-05-27,13287.74023,17820,17980,17340,17480,21477600
2011-05-30,13183.34766,17680,17900,17520,17900,10293600
2011-05-31,13451.78613,18040,18280,17720,17800,23887550
2011-06-01,13586.00977,18220,18240,17900,18040,15678500
2011-06-02,13168.43262,17660,17940,17600,17880,16582950
2011-06-03,13198.25977,17700,17800,17540,17800,10067100
2011-06-07,13228.08984,17740,17780,17380,17520,15110100
2011-06-08,13078.95508,17540,17800,17500,17700,12938850
2011-06-09,12899.99707,17300,17580,17300,17540,21511200
2011-06-10,12691.20605,17020,17480,17020,17400,19586600
2011-06-13,12721.04102,17060,17060,16760,16880,15062450
2011-06-14,12870.16895,17260,17460,16960,17020,10642700
2011-06-15,12899.99707,17300,17380,17020,17320,13283100
2011-06-16,12646.46875,16960,17160,16880,17060,11940550
2011-06-17,12213.9834,16380,17040,16060,17020,36058100
2011-06-20,11930.63379,16000,16280,15900,16260,23580500
2011-06-21,12139.41699,16280,16400,15960,16000,18844400
2011-06-22,12318.37695,16520,16660,16440,16480,16530400
2011-06-23,12392.94434,16620,16780,16400,16500,13858400
2011-06-24,12706.12109,17040,17080,16420,16420,23453150
2011-06-27,12452.5957,16700,16940,16560,16940,15207250
2011-06-28,12407.85742,16640,17060,16620,16800,11950100
2011-06-29,12430.23828,16660,16980,16640,16960,10348200
2011-06-30,12325.78516,16520,16700,16420,16660,16408950
2011-07-01,12758.53027,17100,17200,16760,16860,22133050
2011-07-04,13101.74219,17560,17660,17380,17400,21439450
2011-07-05,13415.1084,17980,17980,17560,17600,21107200
2011-07-06,13400.18652,17960,17960,17740,17860,11215100
2011-07-07,13131.58496,17600,17960,17580,17960,17861200
2011-07-08,13206.19336,17700,17760,17460,17600,12070450
2011-07-11,12907.75098,17300,17600,17240,17600,15974500
2011-07-12,12683.91406,17000,17220,16920,17200,12397200
2011-07-13,12579.46484,16860,17100,16720,16960,16430600
2011-07-14,12400.39258,16620,16700,16460,16700,20363350
2011-07-15,12415.31738,16640,16800,16420,16600,13621800
2011-07-18,12131.79297,16260,16600,16220,16560,18189050
2011-07-19,12266.09668,16440,16540,16120,16120,14537100
2011-07-20,12698.83984,17020,17080,16780,16800,21079150
2011-07-21,12564.53711,16840,17020,16640,16920,10343550
2011-07-22,12683.91406,17000,17120,16840,17000,12179600
2011-07-25,12639.15137,16940,17000,16680,17000,9496800
2011-07-26,12683.91406,17000,17020,16800,16860,11259900
2011-07-27,12609.30859,16900,16960,16720,16960,10079450
2011-07-28,12489.93066,16740,16800,16520,16560,13623150
2011-07-29,12594.38867,16880,17040,16740,16920,15089150
2011-08-01,12982.36523,17400,17500,17100,17100,19432400
2011-08-02,12713.76367,17040,17180,17000,17060,13486550
2011-08-03,12430.23828,16660,16880,16480,16800,20417200
2011-08-04,12251.17383,16420,16780,16300,16780,17307750
2011-08-05,11773.66113,15780,16100,15780,15840,30392500
2011-08-08,11340.91992,15200,15780,15200,15400,30296350
2011-08-09,10803.71582,14480,15060,13920,15000,49299200
2011-08-10,10744.02441,14400,15200,14400,15200,49244500
2011-08-11,10564.95703,14160,14500,13760,13760,39580150
2011-08-12,10550.03711,14140,14440,14000,14420,33844600
2011-08-16,11191.68945,15000,15000,14520,14700,30042550
2011-08-17,11221.53711,15040,15200,14820,15020,14649850
2011-08-18,10579.88086,14180,14980,14060,14960,35336000
2011-08-19,10147.13672,13600,13940,13440,13760,28970600
2011-08-22,10311.28125,13820,14040,13660,13680,20900650
2011-08-23,10788.79199,14460,14700,13980,14000,24617300
2011-08-24,10564.95703,14160,14700,14000,14480,18508650
2011-08-25,10818.63477,14500,14760,14420,14740,19039800
2011-08-26,10833.56055,14520,14680,14340,14340,10612300
2011-08-29,10938.0127,14660,14840,14480,14840,13001850
2011-08-30,11072.31934,14840,14960,14720,14820,12629600
2011-08-31,11102.15918,14880,14940,14620,14940,14495500
2011-09-01,11505.06152,15420,15760,14880,15180,35833750
2011-09-02,11475.2168,15380,15620,15260,15300,12915400
2011-09-05,10908.16602,14620,15120,14600,15100,13853900
2011-09-06,10848.48242,14540,14720,14200,14520,13213350
2011-09-07,11534.90723,15460,15560,14660,14660,17512500
2011-09-08,11907.96387,15960,16040,15560,15600,28730500
2011-09-09,11639.36133,15600,16240,15540,15700,18082650
2011-09-14,11236.45801,15060,15620,14820,15600,27540950
2011-09-15,11505.06152,15420,15680,15300,15680,21318350
2011-09-16,11907.96387,15960,16220,15840,15880,23811100
2011-09-19,12057.18359,16160,16280,15760,16000,12327650
2011-09-20,12101.9502,16220,16360,15920,16220,13997500
2011-09-21,12131.79297,16260,16560,16020,16380,17063100
2011-09-22,11788.58301,15800,16000,15560,15920,15331100
2011-09-23,11311.07129,15160,15600,15020,15280,21822900
2011-09-26,11564.75195,15500,15740,15180,15200,24018800
2011-09-27,11997.50098,16080,16100,15820,16100,16526300
2011-09-28,12042.25977,16140,16500,15820,16480,24316950
2011-09-29,12489.93066,16740,16960,16080,16080,27675450
2011-09-30,12534.69629,16800,16800,16220,16600,25780600
2011-10-04,12355.62988,16560,16640,15920,16100,32895000
2011-10-05,12564.53711,16840,17000,16340,16480,32102800
2011-10-06,12758.53027,17100,17580,16840,17480,29969000
2011-10-07,12833.1416,17200,17620,17000,17300,26509200
2011-10-10,13042.05371,17480,17700,17440,17560,17246250
2011-10-11,13146.50781,17620,17700,17380,17700,22915500
2011-10-12,13400.18652,17960,17980,17400,17440,21528500
2011-10-13,13280.8125,17800,17980,17620,17960,16266150
2011-10-14,13221.12305,17720,17880,17420,17420,10850500
2011-10-17,13280.8125,17800,17900,17620,17800,10675550
2011-10-18,13176.35254,17660,17860,17420,17500,13844300
2011-10-19,13221.12305,17720,17720,17400,17700,10704100
2011-10-20,13534.48828,18140,18400,17660,17720,28436600
2011-10-21,13683.71191,18340,18500,18140,18400,23307000
2011-10-24,14041.84473,18820,18860,18220,18260,18769250
2011-10-25,14101.5293,18900,19020,18700,18720,18208000
2011-10-26,13937.38672,18680,18920,18540,18660,12504750
2011-10-27,13788.16699,18480,18780,18380,18580,17443050
2011-10-28,14101.5293,18900,18920,18540,18560,26884350
2011-10-31,14444.74512,19360,19400,18660,18820,23792400
2011-11-01,14773.03613,19800,19980,19240,19360,30983650
2011-11-02,14489.51074,19420,19560,19320,19400,28454600
2011-11-03,14429.81836,19340,19420,19160,19240,16408700
2011-11-04,14996.87305,20100,20100,19640,19660,26704800
2011-11-07,14817.7998,19860,20000,19720,19920,14018050
2011-11-08,14474.59375,19400,19800,19300,19720,17069900
2011-11-09,14698.42383,19700,19760,19320,19400,19304250
2011-11-10,13952.31055,18700,19460,18700,19340,31006050
2011-11-11,14668.58008,19660,19680,18600,18900,24246750
2011-11-14,14862.57227,19920,20040,19740,19760,14136050
2011-11-15,14862.57227,19920,20000,19600,19720,11737100
2011-11-16,14549.20313,19500,20060,19460,19900,16934350
2011-11-17,14623.80859,19600,19840,19220,19640,12943350
2011-11-18,14370.13379,19260,19540,19240,19420,16310300
2011-11-21,14176.14746,19000,19200,18840,19020,12791900
2011-11-22,14370.13379,19260,19420,18860,19000,12040600
2011-11-23,13952.31055,18700,19200,18700,18960,15335700
2011-11-24,14071.69336,18860,19060,18420,18440,13680750
2011-11-25,14131.37402,18940,19060,18580,18580,11689400
2011-11-28,14593.96777,19560,19640,19160,19180,15724000
2011-11-29,14996.87305,20100,20100,19720,19800,27588450
2011-11-30,14981.94629,20080,20200,19920,20000,19579400
2011-12-01,16026.50098,21480,21600,20580,20700,34717150
2011-12-02,15668.36816,21000,21420,20800,21220,21917950
2011-12-05,15907.12695,21320,21460,21160,21380,14848100
2011-12-06,15578.83398,20880,21400,20820,21140,14528550
2011-12-07,15757.9082,21120,21360,20820,21000,19746900
2011-12-08,15877.2832,21280,21660,20920,21140,25893000
2011-12-09,15713.13379,21060,21480,20740,20980,13804200
2011-12-12,16175.72949,21680,21680,21200,21260,12163550
2011-12-13,15668.36816,21000,21500,21000,21480,13210000
2011-12-14,15519.14551,20800,20900,20500,20680,21064350
2011-12-15,15146.09375,20300,20720,20300,20580,16963000
2011-12-16,15593.75488,20900,20900,20400,20420,12263200
2011-12-19,15026.70801,20140,20900,19680,20900,20485300
2011-12-20,15101.31836,20240,20580,20140,20160,13750300
2011-12-21,15772.8291,21140,21140,20620,20700,20402950
2011-12-22,15698.21094,21040,21060,20820,20900,10634550
2011-12-23,15936.97168,21360,21480,21120,21120,12299050
2011-12-26,15907.12695,21320,21500,21320,21340,6216250
2011-12-27,16011.5791,21460,21600,21060,21360,11133650
2011-12-28,15906.63574,21220,21460,21200,21460,11023850
2011-12-29,15861.65527,21160,21540,21140,21240,10923900
2012-01-02,16191.48926,21600,21600,21300,21400,13151350
2012-01-03,16566.29297,22100,22100,21840,21860,16927750
2012-01-04,16191.48926,21600,22200,21500,22100,17103700
2012-01-05,15816.68066,21100,21580,21100,21460,17298400
2012-01-06,15591.80371,20800,21320,20600,21120,18816250
2012-01-09,15231.99219,20320,20820,20300,20800,19283000
2012-01-10,15381.91309,20520,20720,20420,20420,20414800
2012-01-11,15306.95508,20420,20480,20280,20340,19110150
2012-01-12,15411.89844,20560,20580,20220,20320,18511000
2012-01-13,15681.75293,20920,21000,20520,20560,14630750
2012-01-16,15441.87891,20600,20800,20400,20800,11614950
2012-01-17,15531.83301,20720,20960,20480,20820,17084400
2012-01-18,15441.87891,20600,21040,20440,21020,15359650
2012-01-19,16071.55664,21440,21440,20740,20760,22385800
2012-01-20,16566.29297,22100,22100,21520,21800,25550800
2012-01-25,16701.22266,22280,22500,21840,21840,22751300
2012-01-26,16686.22852,22260,22420,21880,22320,17655150
2012-01-27,16866.13086,22500,22500,22220,22400,12741200
2012-01-30,16716.21094,22300,22600,22180,22580,16354450
2012-01-31,16596.2793,22140,22400,21780,22100,21731350
2012-02-01,16176.49512,21580,22140,21560,22140,22849650
2012-02-02,16191.48926,21600,22080,21360,21720,22402650
2012-02-03,15981.60156,21320,21680,21120,21420,17801400
2012-02-06,16101.53027,21480,21820,21320,21680,15837500
2012-02-07,16386.38281,21860,21920,21460,21540,11921950
2012-02-08,16371.38672,21840,22000,21680,21980,11809400
2012-02-09,16251.45703,21680,21800,21200,21740,24005850
2012-02-10,15921.62891,21240,21680,21220,21680,18579100
2012-02-13,16236.46094,21660,21780,21340,21380,16017250
2012-02-14,16191.48926,21600,21780,21480,21680,12317400
2012-02-15,17016.05078,22700,22760,21840,21960,28522350
2012-02-16,17016.05078,22700,22800,22420,22600,15411800
2012-02-17,17630.73047,23520,23600,23120,23180,17308450
2012-02-20,17615.73828,23500,23880,23320,23560,14814150
2012-02-21,17690.69727,23600,23960,23300,23500,10808250
2012-02-22,17945.57031,23940,24000,23440,23640,11779250
2012-02-23,17390.85352,23200,23580,23020,23460,23259200
2012-02-24,17690.69727,23600,23720,23060,23060,14240300
2012-02-27,17555.76953,23420,23600,23180,23480,8273300
2012-02-28,17765.65234,23700,24000,23620,23920,16648100
2012-02-29,18080.49023,24120,24180,23820,23820,17278300
2012-03-02,17720.68164,23640,24340,23580,24300,18023700
2012-03-05,17600.74805,23480,23820,23320,23800,11175250
2012-03-06,17690.69727,23600,23860,23340,23580,10572850
2012-03-07,17570.76758,23440,23660,23300,23500,11521550
2012-03-08,17690.69727,23600,23720,23300,23600,20270400
2012-03-09,18440.30859,24600,24620,23760,23820,18228800
2012-03-12,18140.46289,24200,24520,24200,24480,11826950
2012-03-13,18305.375,24420,24580,24000,24000,11985550
2012-03-14,18740.15625,25000,25100,24600,24600,18279650
2012-03-15,18740.15625,25000,25200,24840,25020,14038800
2012-03-16,18560.24023,24760,25340,24760,25200,18070200
2012-03-19,18890.07227,25200,25360,24680,24700,11881850
2012-03-20,18995.00977,25340,25540,25200,25340,11935500
2012-03-21,18620.21289,24840,25200,24840,25200,12913550
2012-03-22,18860.07617,25160,25260,24700,24700,12675450
2012-03-23,18905.05859,25220,25480,24860,24860,10818600
2012-03-26,19114.95117,25500,25500,25220,25360,9237800
2012-03-27,19654.66211,26220,26220,25520,25700,14186350
2012-03-28,19519.74023,26040,26160,25900,26000,9914550
2012-03-29,19189.91016,25600,25980,25600,25980,11670000
2012-03-30,19114.95117,25500,25600,25140,25400,15281700
2012-04-02,19474.75781,25980,25980,25220,25500,12582950
2012-04-03,20014.48047,26700,26780,26040,26400,16507900
2012-04-04,19789.59766,26400,27020,26300,26620,14599350
2012-04-05,19939.52148,26600,26700,25940,26040,12921350
2012-04-06,19969.5,26640,26680,26260,26540,10289650
2012-04-09,19744.62109,26340,26600,26120,26400,8572600
2012-04-10,19654.66211,26220,26400,26140,26280,11176100
2012-04-12,19084.9707,25460,25980,25360,25660,25240650
2012-04-13,19010.00195,25360,25540,25200,25300,35409200
2012-04-16,18875.07617,25180,25520,25000,25460,15222400
2012-04-17,18725.1582,24980,25280,24820,25020,14552300
2012-04-18,19384.80469,25860,26040,25380,25540,17253750
2012-04-19,19594.69336,26140,26140,25780,25840,13156400
2012-04-20,19219.90039,25640,25940,25560,25880,9900550
2012-04-23,19174.92188,25580,25600,25240,25380,8388400
2012-04-24,19234.89258,25660,25720,25240,25300,13238350
2012-04-25,19564.7207,26100,26300,25860,26080,13821600
2012-04-26,20089.44141,26800,26800,26340,26400,16479500
2012-04-27,20599.16992,27480,27660,27020,27100,15905350
2012-04-30,20839.04102,27800,28180,27540,27900,15757100
2012-05-02,21138.88867,28200,28360,27980,28200,18420750
2012-05-03,21003.95703,28020,28200,27960,28040,10327050
2012-05-04,20389.2832,27200,27960,26980,27500,20484300
2012-05-07,20119.42383,26840,27060,26500,26840,18908450
2012-05-08,20104.42383,26820,27040,26780,26960,12048600
2012-05-09,19954.51563,26620,26960,26480,26700,12661700
2012-05-10,19894.54492,26540,26720,26440,26580,13145000
2012-05-11,19534.73242,26060,26460,26060,26300,13626400
2012-05-14,19699.64453,26280,26540,26080,26100,15092100
2012-05-15,19654.66211,26220,26400,26000,26080,15558100
2012-05-16,18440.30859,24600,26000,24560,25960,38488900
2012-05-17,18335.35547,24460,24860,24020,24600,33041100
2012-05-18,17480.81055,23320,24100,23300,24080,30023750
2012-05-21,18125.4668,24180,24320,23800,23880,23702750
2012-05-22,18590.22656,24800,25100,24540,25100,23830550
2012-05-23,18305.375,24420,24800,23900,24800,16157100
2012-05-24,18365.34375,24500,24500,23960,24260,15251250
2012-05-25,18365.34375,24500,24920,24460,24660,10164250
2012-05-29,18560.24023,24760,24760,24120,24240,10815350
2012-05-30,18380.33398,24520,24800,24300,24760,12653250
2012-05-31,18155.45508,24220,24260,23840,24260,22106900
2012-06-01,18485.2832,24660,24740,23980,24260,13554450
2012-06-04,17930.57422,23920,24100,23840,23960,18068750
2012-06-05,18035.51953,24060,24180,23860,24020,12848900
2012-06-07,18965.0332,25300,25300,24660,24780,20928350
2012-06-08,18695.16992,24940,25500,24900,25500,9956350
2012-06-11,19010.00195,25360,25500,25320,25440,9906200
2012-06-12,18815.10742,25100,25200,24900,24920,8805200
2012-06-13,19054.97461,25420,25480,25120,25320,9572600
2012-06-14,18905.05859,25220,25420,25120,25380,21995050
2012-06-15,18245.41211,24340,25200,24280,25000,30404200
2012-06-18,18635.20508,24860,25140,24680,24800,17608150
2012-06-19,18650.19531,24880,24940,24440,24900,14839400
2012-06-20,18770.12891,25040,25300,24900,24980,13237700
2012-06-21,18395.32813,24540,24840,24520,24680,12753750
2012-06-22,17720.68164,23640,24040,23600,23780,31294350
2012-06-25,16971.08008,22640,23560,22560,23420,41318100
2012-06-26,17076.02148,22780,22980,22580,22660,25283500
2012-06-27,17495.80273,23340,23540,22600,22800,23542000
2012-06-28,17518.29688,23360,23600,23060,23340,10398350
2012-06-29,18013.25,24020,24020,23060,23340,18604450
2012-07-02,17608.28516,23480,24180,23420,24160,19106750
2012-07-03,17623.28711,23500,23860,23400,23640,15801550
2012-07-04,17863.26563,23820,23940,23560,23640,19158750
2012-07-05,17773.27734,23700,23880,23540,23740,9068550
2012-07-06,17413.3125,23220,23880,23060,23880,21158900
2012-07-09,16888.36133,22520,22760,22520,22700,21282300
2012-07-10,16903.36328,22540,22840,22420,22700,17720700
2012-07-11,16768.37695,22360,22660,22160,22580,18001300
2012-07-12,16363.41406,21820,22520,21820,22420,24858600
2012-07-13,17083.33789,22780,22880,21820,21920,27070750
2012-07-16,17278.32617,23040,23100,22660,22900,15261950
2012-07-17,17518.29688,23360,23560,22720,22960,15885300
2012-07-18,17308.32031,23080,23700,22760,23580,14618050
2012-07-19,17923.26172,23900,24040,23440,23600,24847100
2012-07-20,17863.26563,23820,24060,23820,24040,11992100
2012-07-23,17428.30469,23240,23400,23100,23300,12844350
2012-07-24,17548.29492,23400,23500,23180,23300,14598050
2012-07-25,17368.31641,23160,23440,22780,23060,13609850
2012-07-26,17578.29492,23440,23480,23200,23380,13654750
2012-07-27,18493.20898,24660,24660,23820,23900,26686200
2012-07-30,19123.14063,25500,25560,25020,25200,19113350
2012-07-31,19633.09766,26180,26680,25500,25600,33735650
2012-08-01,19498.10352,26000,26300,25660,25840,19039100
2012-08-02,18943.16406,25260,26080,25220,26000,15951250
2012-08-03,18643.19531,24860,25340,24760,24800,15582650
2012-08-06,19468.10547,25960,26100,25640,25700,12289150
2012-08-07,19408.11133,25880,26080,25680,26060,10258400
2012-08-08,19798.08008,26400,26560,26020,26120,19459150
2012-08-09,20098.05078,26800,26960,26360,26420,30612650
2012-08-10,20218.04102,26960,26960,26600,26700,14733250
2012-08-13,19873.06836,26500,26940,26460,26840,9891050
2012-08-14,20173.04102,26900,27000,26520,26520,14396850
2012-08-16,20173.04102,26900,27100,26760,27080,14824150
2012-08-17,19423.11523,25900,26900,25720,26880,27642800
2012-08-20,19243.13477,25660,25660,25100,25400,19944800
2012-08-21,19228.13281,25640,26040,25640,25840,15315200
2012-08-22,18958.16016,25280,25620,25140,25380,16031200
2012-08-23,19303.11914,25740,25740,24980,25220,13857750
2012-08-24,19123.14063,25500,25740,25280,25400,14077200
2012-08-27,17698.28516,23600,24060,23460,23780,63803450
2012-08-28,17923.26172,23900,24180,23600,23720,27767400
2012-08-29,18448.20898,24600,24700,24140,24180,23415550
2012-08-30,18223.23438,24300,24580,24040,24560,16211400
2012-08-31,18493.20898,24660,24680,24140,24220,20301300
2012-09-03,18268.2168,24360,24700,24020,24400,13903800
2012-09-04,18268.2168,24360,24560,24200,24380,9916550
2012-09-05,17833.26953,23780,24240,23780,24100,17381950
2012-09-06,17938.25586,23920,24060,23860,24000,12373750
2012-09-07,18748.18359,25000,25020,24400,24600,25512400
2012-09-10,18748.18359,25000,25280,25000,25200,15883700
2012-09-11,18838.16992,25120,25300,24640,24800,9890800
2012-09-12,19408.11133,25880,25900,25180,25360,18473250
2012-09-13,19513.10938,26020,26100,25620,25980,19489950
2012-09-14,20038.05859,26720,26780,26540,26600,24872500
2012-09-17,19723.08594,26300,26720,26240,26720,14896000
2012-09-18,19723.08594,26300,26720,26160,26280,11232300
2012-09-19,19708.0918,26280,26460,25960,26120,12114550
2012-09-20,19303.11914,25740,26100,25680,25860,14199800
2012-09-21,19528.10938,26040,26140,25900,26000,14913400
2012-09-24,19903.06641,26540,26560,25840,26000,13195450
2012-09-25,19903.06641,26540,26680,26200,26200,11348000
2012-09-26,19873.06836,26500,26500,26120,26260,12054550
2012-09-27,20068.05273,26760,26840,26460,26540,14541600
2012-09-28,20188.03711,26920,27200,26780,27180,17906350
2012-10-02,20533.00586,27380,27420,27040,27080,13376250
2012-10-04,20503.01172,27340,27460,26780,27020,19127200
2012-10-05,20548.00977,27400,27800,27040,27740,17828800
2012-10-08,20592.99805,27460,27580,27200,27500,12037600
2012-10-09,20578.00391,27440,27620,27260,27260,8788650
2012-10-10,19873.06836,26500,27200,26500,27060,12976700
2012-10-11,19558.10547,26080,26400,25740,26200,23779850
2012-10-12,19438.11523,25920,26240,25760,26100,14977250
2012-10-15,19498.10352,26000,26240,25740,25920,10334000
2012-10-16,19948.06641,26600,26620,26300,26520,10671300
2012-10-17,20038.05859,26720,26920,26320,26840,8984550
2012-10-18,20053.05078,26740,26820,26560,26720,10498450
2012-10-19,19528.10938,26040,26500,25980,26460,13969950
2012-10-22,19723.08594,26300,26340,25520,25540,11741150
2012-10-23,19693.0918,26260,26440,26040,26380,9253550
2012-10-24,19498.10352,26000,26180,25780,25940,13454500
2012-10-25,19828.08008,26440,26440,25820,25920,11881100
2012-10-26,19303.11914,25740,26240,25740,26120,13793850
2012-10-29,19483.10742,25980,25980,25580,25960,11448050
2012-10-30,19468.10547,25960,26080,25840,25980,6643850
2012-10-31,19648.09375,26200,26240,25980,26120,10604850
2012-11-01,19453.11133,25940,26040,25800,25900,10455600
2012-11-02,19903.06641,26540,26660,26260,26380,18521400
2012-11-05,20113.04492,26820,26980,26400,26560,13062050
2012-11-06,20233.03125,26980,26980,26640,26980,8981800
2012-11-07,20428.01563,27240,27240,26700,26860,9676400
2012-11-08,20248.03125,27000,27140,26820,26960,15326600
2012-11-09,20113.04492,26820,27020,26520,26700,14550300
2012-11-12,20173.04102,26900,26940,26620,26620,6959250
2012-11-13,20233.03125,26980,26980,26520,26940,7325850
2012-11-14,20323.02539,27100,27140,26920,27140,10436000
2012-11-15,19963.07031,26620,26760,26520,26700,9959100
2012-11-16,19603.09766,26140,26520,26020,26440,12172550
2012-11-19,19978.05469,26640,26840,26260,26300,10137500
2012-11-20,20458.01563,27280,27300,26920,27060,13420300
2012-11-21,20757.98047,27680,27940,27440,27520,17780400
2012-11-22,21252.93555,28340,28380,27820,27880,14930950
2012-11-23,21552.91211,28740,28840,28340,28440,12322050
2012-11-26,21057.95313,28080,28860,27980,28840,13749850
2012-11-27,21237.93945,28320,28560,28080,28100,11836200
2012-11-28,21192.94531,28260,28760,27920,28000,14055800
2012-11-29,21207.94141,28280,28440,28040,28040,13073300
2012-11-30,21087.95508,28120,28500,27980,28460,16427600
2012-12-03,21447.91406,28600,28720,28160,28400,10220850
2012-12-04,21447.91406,28600,28680,28400,28640,9504900
2012-12-05,21822.87695,29100,29100,28540,28600,12436400
2012-12-06,21807.88477,29080,29420,28680,29360,14248700
2012-12-07,22197.84375,29600,29960,29000,29000,15882450
2012-12-10,22362.82227,29820,30120,29700,30120,13056100
2012-12-11,22137.85352,29520,29960,29380,29960,12657350
2012-12-12,22347.83398,29800,29920,29460,29460,15244450
2012-12-13,22992.77344,30660,30660,29860,30000,30680500
2012-12-14,22722.80078,30300,30720,30160,30320,13905250
2012-12-17,22542.81445,30060,30480,29940,30020,15511100
2012-12-18,22722.80078,30300,30320,29900,30000,13538450
2012-12-20,22542.81445,30060,30580,29900,30300,20128500
2012-12-21,21627.90234,28840,29920,28800,29860,27576200
2012-12-24,22107.85156,29480,29520,28840,28960,14488550
2012-12-26,22047.86328,29400,30060,29400,29600,14038700
2012-12-27,22552.88867,29920,30000,29400,29400,9143900
2012-12-28,22944.85352,30440,30600,29740,29760,10562750
2013-01-02,23758.92383,31520,31520,30540,30660,11449650
2013-01-03,23261.43359,30860,31680,30860,31640,14227400
2013-01-04,22990.08008,30500,30840,30200,30800,12999800
2013-01-07,22914.69531,30400,30560,30000,30300,12610950
2013-01-08,22613.19141,30000,30340,29960,30260,13822250
2013-01-09,22613.19141,30000,30260,29820,30000,12659950
2013-01-10,23065.45898,30600,30680,30000,30300,14663600
2013-01-11,23110.67578,30660,30960,30140,30960,11913550
2013-01-14,23397.11523,31040,31040,30560,30780,7999950
2013-01-15,22794.0957,30240,31200,30240,31200,10727150
2013-01-16,22492.58398,29840,30520,29660,30280,16221000
2013-01-17,22145.85352,29380,30040,29000,30040,20236700
2013-01-18,22311.67773,29600,29740,29100,29600,12516600
2013-01-21,21919.71875,29080,29500,28960,29280,14519650
2013-01-22,22311.67773,29600,29740,28900,28900,11947400
2013-01-23,22206.15039,29460,30040,29460,30000,9293550
2013-01-24,21904.64258,29060,29380,28820,29360,15999050
2013-01-25,21361.92773,28340,29220,28100,29200,21795250
2013-01-28,20683.5332,27440,28020,27420,27920,30852150
2013-01-29,21241.32617,28180,28360,27600,27800,21616550
2013-01-30,21708.65625,28800,28800,28240,28520,16170100
2013-01-31,21829.26367,28960,28960,28440,28600,16052800
2013-02-01,21723.73828,28820,29200,28440,29200,11576200
2013-02-04,21663.4375,28740,29060,28340,29000,12861900
2013-02-05,21633.28516,28700,28860,28280,28300,11388100
2013-02-06,21512.67773,28540,28860,28540,28800,6897150
2013-02-07,21407.15234,28400,28780,28400,28780,9721100
2013-02-08,22040.3125,29240,29400,28300,28360,13423850
2013-02-12,22130.7793,29360,29680,29180,29680,8419750
2013-02-13,22417.20703,29740,29780,29120,29480,9209050
2013-02-14,22462.43164,29800,29880,29540,29800,7534100
2013-02-15,22583.04102,29960,29960,29540,29800,7599950
2013-02-18,22462.43164,29800,30020,29620,29800,7109950
2013-02-19,22492.58398,29840,29980,29580,29600,6132250
2013-02-20,23291.58398,30900,30900,29940,30040,18039350
2013-02-21,23366.95703,31000,31160,30700,30800,13123650
2013-02-22,23065.45898,30600,30960,30400,30600,13852650
2013-02-25,23065.45898,30600,30980,30600,30980,8897550
2013-02-26,23020.22656,30540,30760,30160,30300,9244750
2013-02-27,23020.22656,30540,31180,30380,31180,8938200
2013-02-28,23276.50586,30880,31080,30600,30600,12784200
2013-03-04,23201.13086,30780,31260,30600,31260,13276850
2013-03-05,23366.95703,31000,31280,30960,31120,9294600
2013-03-06,23517.71875,31200,31500,30940,31440,10148650
2013-03-07,22914.69531,30400,31000,30240,30960,13482700
2013-03-08,22598.11133,29980,30340,29780,30300,18941000
2013-03-11,22733.79688,30160,30240,29700,29860,13748250
2013-03-12,22522.74023,29880,30240,29800,30080,8746550
2013-03-13,23020.22656,30540,30580,30020,30120,11303550
2013-03-14,22914.69531,30400,30680,29980,30560,12557800
2013-03-15,22311.67773,29600,30580,29600,30580,36618350
2013-03-18,21784.03906,28900,29200,28680,29200,26439550
2013-03-19,22236.29492,29500,29840,28960,29000,13977100
2013-03-20,22010.17383,29200,29700,29120,29200,13515750
2013-03-21,21964.94336,29140,29480,29120,29220,11768550
2013-03-22,21934.79297,29100,29360,29040,29160,10687100
2013-03-25,22537.81055,29900,29900,29400,29600,10272050
2013-03-26,22748.86719,30180,30440,29820,29900,16830000
2013-03-27,22673.48828,30080,30320,29740,30300,12881400
2013-03-28,22763.93945,30200,30200,29940,30060,7989600
2013-03-29,23020.22656,30540,30640,30340,30480,9533700
2013-04-01,22794.0957,30240,30700,30240,30700,5295500
2013-04-02,22990.08008,30500,30640,30200,30200,8574850
2013-04-03,22929.7793,30420,30560,30180,30520,10882700
2013-04-04,22703.63867,30120,30380,29980,30340,10700450
2013-04-05,22688.57031,30100,30320,29860,30100,14977350
2013-04-08,22914.69531,30400,30620,29940,30100,12959500
2013-04-09,23035.29883,30560,30600,30200,30540,9244000
2013-04-10,22929.7793,30420,30800,30260,30800,11779700
2013-04-11,23216.20703,30800,30800,30360,30420,11291500
2013-04-12,22869.47461,30340,31000,30260,30800,10744050
2013-04-15,22959.92578,30460,30700,30060,30060,10767300
2013-04-16,23035.29883,30560,30640,30020,30100,18551850
2013-04-17,22884.55273,30360,31320,30280,31320,10491100
2013-04-18,22356.90625,29660,30440,29620,30400,13358400
2013-04-19,22236.29492,29500,29840,29100,29300,15704000
2013-04-22,22658.41992,30060,30060,29300,29800,9335850
2013-04-23,22356.90625,29660,30060,29480,30000,8864850
2013-04-24,22402.13281,29720,29880,29480,29700,10086550
2013-04-25,22522.74023,29880,29880,29400,29400,10463900
2013-04-26,22402.13281,29720,29940,29440,29900,11651600
2013-04-29,22326.75977,29620,29840,29500,29820,8500150
2013-04-30,22914.69531,30400,30600,29760,29800,18705000
2013-05-02,23035.29883,30560,30640,30340,30520,10048950
2013-05-03,23140.83203,30700,30740,30420,30700,6559050
2013-05-06,22824.24609,30280,30800,30240,30800,8654300
2013-05-07,22507.66406,29860,30160,29820,30160,11434500
2013-05-08,22432.2832,29760,29960,29580,29860,14921950
2013-05-09,22839.32031,30300,30400,29780,29800,10806150
2013-05-10,22251.37891,29520,30280,29520,30280,11794850
2013-05-13,22266.45117,29540,29600,29240,29420,8750100
2013-05-14,22613.19141,30000,30000,29660,29740,9002650
2013-05-15,22613.19141,30000,30000,29680,29700,10594800
2013-05-16,22733.79688,30160,30280,30000,30020,14657550
2013-05-20,22567.96484,29940,30240,29920,30040,12288850
2013-05-21,22492.58398,29840,30200,29700,30200,11600400
2013-05-22,22748.86719,30180,30200,29820,30080,9923100
2013-05-23,22371.98828,29680,30040,29680,29840,11994150
2013-05-24,22402.13281,29720,29880,29440,29740,10190600
2013-05-27,22447.35938,29780,29980,29740,29800,6146400
2013-05-28,22371.98828,29680,29920,29620,29620,11588050
2013-05-29,22794.0957,30240,30460,29660,29680,14760550
2013-05-30,23276.50586,30880,30980,30240,30360,22778000
2013-05-31,23186.06445,30760,31180,30740,30920,18025050
2013-06-03,23095.59766,30640,31180,30560,30720,10309450
2013-06-04,23216.20703,30800,30840,30420,30660,8496600
2013-06-05,22929.7793,30420,31060,30420,30980,13590650
2013-06-07,21512.67773,28540,29700,28480,29500,54290800
2013-06-10,21482.52734,28500,28860,28280,28400,26677700
2013-06-11,20939.8125,27780,28380,27560,28220,34613000
2013-06-12,20879.51563,27700,28060,27240,27560,22887650
2013-06-13,20457.40039,27140,27940,27140,27600,33509850
2013-06-14,20638.30078,27380,27540,27140,27300,17558350
2013-06-17,20593.07813,27320,27560,27300,27400,11758450
2013-06-18,20909.66602,27740,27740,27200,27360,11043050
2013-06-19,20638.30078,27380,27700,27280,27640,10270250
2013-06-20,20035.28711,26580,26960,26520,26860,17817950
2013-06-21,19974.98828,26500,26660,25800,25880,27677800
2013-06-24,19794.07813,26260,27000,26260,27000,15847900
2013-06-25,19552.87109,25940,26360,25760,26020,20774950
2013-06-26,19010.15234,25220,26100,24900,26020,31751200
2013-06-27,20194.04102,26780,26880,25720,25900,25756150
2013-06-28,20239.29297,26840,27000,26580,27000,20961250
2013-07-01,19997.98828,26520,26920,26440,26680,12825950
2013-07-02,20133.7207,26700,27040,26600,26800,10214450
2013-07-03,19620.95703,26020,26780,25900,26680,12822050
2013-07-04,19862.25391,26340,26340,25920,26040,9042650
2013-07-05,19108.18164,25340,26300,25200,25720,30382800
2013-07-08,18489.84375,24520,25160,24180,25000,26480150
2013-07-09,18655.74219,24740,25000,24580,24600,19694950
2013-07-10,18821.63281,24960,25040,24740,24900,17305650
2013-07-11,19786.84766,26240,26240,25020,25020,20788350
2013-07-12,19786.84766,26240,26480,26020,26400,11391300
2013-07-15,19801.92969,26260,26380,25700,26300,9629600
2013-07-16,19575.70703,25960,26420,25800,26360,9300950
2013-07-17,19907.50195,26400,26600,25720,26020,12302300
2013-07-18,19485.22461,25840,26500,25840,26500,15704200
2013-07-19,19198.67578,25460,25900,25280,25760,16271300
2013-07-22,19198.67578,25460,25780,25300,25600,10351150
2013-07-23,19711.43945,26140,26140,25440,25460,11948900
2013-07-24,19832.0957,26300,26340,25900,26140,8772650
2013-07-25,19832.0957,26300,26440,26160,26340,8495650
2013-07-26,19651.12109,26060,26380,25980,26280,13619550
2013-07-29,19349.48828,25660,26000,25580,25820,11821850
2013-07-30,19455.05664,25800,25900,25540,25540,9425350
2013-07-31,19304.24414,25600,25800,25580,25600,12735500
2013-08-01,19304.24414,25600,25760,25480,25700,9058900
2013-08-02,19394.73242,25720,26000,25640,25860,11241350
2013-08-05,19213.75195,25480,25660,25480,25660,8079850
2013-08-06,18912.12305,25080,25440,24900,24900,14493700
2013-08-07,18429.51563,24440,24800,24440,24740,15778100
2013-08-08,18354.10938,24340,24700,24260,24260,17910800
2013-08-09,18550.16797,24600,24820,24400,24580,12080200
2013-08-12,18580.33398,24640,24960,24500,24600,10140600
2013-08-13,19455.05664,25800,25800,24840,24880,20929450
2013-08-14,19605.87305,26000,26000,25700,25780,13005100
2013-08-16,19530.46289,25900,26020,25640,25720,11416600
2013-08-19,19394.73242,25720,25920,25600,25720,6499850
2013-08-20,19138.35156,25380,26100,25380,25920,14230950
2013-08-21,18942.28711,25120,25640,25120,25300,12346050
2013-08-22,18927.20703,25100,25340,24900,25000,11984850
2013-08-23,19530.46289,25900,26000,25420,25600,17203400
2013-08-26,19605.87305,26000,26100,25920,26020,11519650
2013-08-27,19666.20117,26080,26180,25900,26140,9130800
2013-08-28,19741.60352,26180,26200,25680,25680,9492550
2013-08-29,20269.45703,26880,26960,26280,26340,16315000
2013-08-30,20631.41211,27360,27360,27020,27200,17135800
2013-09-02,20375.02148,27020,27420,27000,27360,10081600
2013-09-03,20163.88086,26740,27280,26520,27280,11798500
2013-09-04,20209.12695,26800,27080,26420,26600,10920050
2013-09-05,20586.16602,27300,27420,27160,27400,15100100
2013-09-06,20646.48633,27380,27500,27160,27400,11937950
2013-09-09,20706.81055,27460,27500,27260,27420,9291550
2013-09-10,21053.68945,27920,27920,27360,27380,14717650
2013-09-11,21144.18359,28040,28040,27700,27960,13353000
2013-09-12,21264.82617,28200,28480,27900,28100,21805400
2013-09-13,21204.5,28120,28200,27920,28180,12281500
2013-09-16,21491.04883,28500,28500,28220,28460,11710700
2013-09-17,20902.875,27720,28400,27620,28400,17181350
2013-09-23,20510.75195,27200,27620,27060,27300,24362900
2013-09-24,20706.81055,27460,27580,26760,26840,15138900
2013-09-25,20571.08398,27280,27480,27020,27340,11176450
2013-09-26,20691.73633,27440,27440,27120,27280,10374700
2013-09-27,20601.24609,27320,27540,27260,27500,11613250
2013-09-30,20616.32422,27340,27640,27200,27320,11650900
2013-10-01,20842.54883,27640,27660,27200,27600,9773150
2013-10-02,21385.47852,28360,28500,27800,27960,17586350
2013-10-04,21385.47852,28360,28840,28280,28760,15753700
2013-10-07,21656.95117,28720,28740,28500,28740,10228250
2013-10-08,21566.46094,28600,28660,28340,28340,10546000
2013-10-10,21566.46094,28600,28640,28420,28420,13819000
2013-10-11,21762.51563,28860,28940,28720,28800,11254150
2013-10-14,21687.11133,28760,28980,28760,28960,7373700
2013-10-15,21973.65625,29140,29140,28900,29000,10023650
2013-10-16,21868.08594,29000,29380,28900,29380,8010600
2013-10-17,22064.14453,29260,29360,29080,29200,9099350
2013-10-18,22199.88086,29440,29500,29260,29440,7852150
2013-10-21,22079.22266,29280,29780,29080,29500,7126050
2013-10-22,21943.49414,29100,29200,28680,29200,12353250
2013-10-23,21747.43555,28840,29280,28720,29280,8598450
2013-10-24,21853.00586,28980,28980,28580,28620,8915650
2013-10-25,21853.00586,28980,29040,28660,29000,6735300
2013-10-28,22350.69531,29640,29700,29160,29300,11307700
2013-10-29,22471.3418,29800,29800,29560,29800,10334900
2013-10-30,22622.16016,30000,30000,29680,29700,10588400
2013-10-31,22094.31055,29300,30040,29300,29960,12647050
2013-11-01,22622.16016,30000,30000,29360,29800,11357700
2013-11-04,22607.07422,29980,30040,29780,29840,10887800
2013-11-05,22395.9375,29700,30040,29440,30040,8009300
2013-11-06,21883.16602,29020,29960,28980,29960,12218400
2013-11-07,21672.0293,28740,29080,28500,29020,13006800
2013-11-08,21264.82617,28200,28560,28140,28220,13681350
2013-11-11,21536.29688,28560,28680,28180,28500,8563850
2013-11-12,21958.57422,29120,29320,28720,28800,9784900
2013-11-13,21400.56641,28380,28980,28380,28900,9995200
2013-11-14,21475.96875,28480,29100,28480,29100,10132150
2013-11-15,22049.05469,29240,29240,28640,28680,8339250
2013-11-18,22230.04297,29480,29520,29300,29400,6386800
2013-11-19,22456.26367,29780,29780,29540,29660,8183550
2013-11-20,22169.7168,29400,29740,29280,29460,8178150
2013-11-21,21717.26758,28800,29440,28640,29440,9019800
2013-11-22,21868.08594,29000,29120,28620,28820,8574600
2013-11-25,22094.31055,29300,29440,29020,29020,6615300
2013-11-26,22305.44727,29580,29580,29100,29160,8586250
2013-11-27,22169.7168,29400,29520,29200,29340,9351700
2013-11-28,22531.67383,29880,29880,29580,29600,10644900
2013-11-29,22531.67383,29880,29980,29700,29980,6752200
2013-12-02,22124.4707,29340,30060,29340,30000,7487800
2013-12-03,22033.97852,29220,29560,29140,29280,7798600
2013-12-04,21596.62109,28640,29060,28620,29000,10844000
2013-12-05,21717.26758,28800,28920,28440,28660,10479650
2013-12-06,21536.29688,28560,29080,28560,29080,9147450
2013-12-09,21928.41406,29080,29080,28800,28800,6996900
2013-12-10,21717.26758,28800,29020,28620,28820,7755600
2013-12-11,21415.64258,28400,28880,28320,28520,10629150
2013-12-12,21264.82617,28200,28200,27920,27920,14962050
2013-12-13,20963.20117,27800,28220,27800,28200,10053250
2013-12-16,21114.01172,28000,28080,27660,27820,8954400
2013-12-17,21038.60742,27900,28340,27860,28340,7762400
2013-12-18,21129.09766,28020,28200,27880,28100,10899200
2013-12-19,21521.21094,28540,28680,28360,28360,10552400
2013-12-20,21521.21094,28540,28540,28260,28260,8407400
2013-12-23,21611.70508,28660,28760,28580,28740,10639200
2013-12-24,21340.23438,28300,28640,28300,28600,10980350
2013-12-26,21234.66016,28160,28300,28020,28160,12307800
2013-12-27,21262.08008,27920,28220,27900,28200,10510000
2013-12-30,20896.54883,27440,27940,27200,27920,16908100
2014-01-02,19937.01172,26180,27100,26040,26960,31025000
2014-01-03,19739.01367,25920,26220,25740,26000,26496600
2014-01-06,19906.54492,26140,26400,25920,26060,19735800
2014-01-07,19860.85938,26080,26360,25900,26000,19763200
2014-01-08,19662.85547,25820,26080,25740,26000,20474650
2014-01-09,19419.16602,25500,26140,25500,26140,21250950
2014-01-10,19373.47461,25440,25720,25440,25500,18189150
2014-01-13,19723.77734,25900,25940,25460,25660,16449350
2014-01-14,19997.93555,26260,26600,25800,25940,14716650
2014-01-15,19784.70508,25980,26620,25960,26600,11747450
2014-01-16,19815.16797,26020,26200,25860,26000,9752450
2014-01-17,19678.0918,25840,26300,25840,26020,12774250
2014-01-20,20043.62695,26320,26380,25920,26100,8682800
2014-01-21,20165.4668,26480,26540,26220,26300,7562300
2014-01-22,20226.39063,26560,26560,26240,26280,10826500
2014-01-23,19784.70508,25980,26440,25980,26320,10336950
2014-01-24,19906.54492,26140,26360,25820,26000,14001750
2014-01-27,19678.0918,25840,26080,25700,25860,13346300
2014-01-28,19541.01172,25660,25860,25460,25460,11701350
2014-01-29,19495.32031,25600,25760,25540,25600,19181850
2014-02-03,19373.47461,25440,25760,25420,25720,16259200
2014-02-04,19023.16406,24980,25260,24980,25260,16033000
2014-02-05,18840.39844,24740,25100,24680,24900,14926650
2014-02-06,19175.47266,25180,25340,24800,24900,15197450
2014-02-07,19419.16602,25500,25580,25260,25500,9943600
2014-02-10,19449.62891,25540,25620,25240,25420,7799650
2014-02-11,19967.46484,26220,26300,25440,25620,12684000
2014-02-12,19906.54492,26140,26620,26100,26620,10027400
2014-02-13,19769.4707,25960,26400,25800,26000,5838450
2014-02-14,19815.16797,26020,26160,25840,25920,6220750
2014-02-17,19571.46875,25700,26120,25600,25840,9386650
2014-02-18,19723.77734,25900,25980,25640,25700,5910650
2014-02-19,19647.62695,25800,26000,25600,26000,6179750
2014-02-20,19586.70313,25720,25920,25620,25800,9543300
2014-02-21,20256.86523,26600,26660,26000,26660,14346200
2014-02-24,20226.39063,26560,26900,26420,26680,7425050
2014-02-25,20317.7793,26680,26800,26520,26640,8785300
2014-02-26,20439.62695,26840,26860,26500,26740,12918050
2014-02-27,20424.38867,26820,26840,26600,26700,7891350
2014-02-28,20546.23828,26980,26980,26640,26740,14232350
2014-03-03,20180.70508,26500,26800,26420,26720,12104150
2014-03-04,20028.39844,26300,26580,26300,26400,7900150
2014-03-05,20256.86523,26600,26820,26600,26700,7491500
2014-03-06,20195.93164,26520,26580,26200,26580,8616750
2014-03-07,20393.92773,26780,26780,26580,26780,7548650
2014-03-10,20104.54688,26400,26600,26340,26400,8657600
2014-03-11,20135.01563,26440,26540,26180,26400,9079800
2014-03-12,19708.54297,25880,26400,25860,26400,12579250
2014-03-13,19647.62695,25800,26260,25800,25880,11750200
2014-03-14,19419.16602,25500,25700,25400,25400,10836800
2014-03-17,19282.08594,25320,25520,25160,25500,8820000
2014-03-18,19464.85938,25560,25660,25320,25400,11045600
2014-03-19,19327.78516,25380,25700,25360,25600,7638550
2014-03-20,19221.16406,25240,25440,25240,25400,5939400
2014-03-21,19388.70703,25460,25460,25240,25380,8321300
2014-03-24,19388.70703,25460,25480,25180,25200,7073900
2014-03-25,18992.70508,24940,25400,24820,25380,13625000
2014-03-26,19571.46875,25700,25800,24960,25380,17444700
2014-03-27,20302.54883,26660,26660,25700,25800,20877850
2014-03-28,20333.00781,26700,26760,26400,26400,10648700
2014-03-31,20454.85352,26860,26900,26440,26900,13259850
2014-04-01,20393.92773,26780,26900,26620,26900,11081000
2014-04-02,20668.08594,27140,27140,26860,27000,13100050
2014-04-03,21170.69727,27800,27900,27020,27020,19098800
2014-04-04,21018.39063,27600,27940,27540,27540,18400350
2014-04-07,21277.31445,27940,27940,27480,27940,10761750
2014-04-08,21231.62695,27880,27980,27500,27740,10608200
2014-04-09,20881.31445,27420,27900,27280,27880,16061600
2014-04-10,21018.39063,27600,27600,27200,27380,9999200
2014-04-11,20789.92969,27300,27360,27180,27240,10659350
2014-04-14,20866.08594,27400,27720,27300,27300,10586000
2014-04-15,20866.08594,27400,27740,27380,27720,10969800
2014-04-16,21018.39063,27600,27840,27260,27400,9308550
2014-04-17,20866.08594,27400,27600,27320,27520,7241650
2014-04-18,20987.92578,27560,27580,27400,27400,9518350
2014-04-21,21018.39063,27600,27720,27500,27580,3299250
2014-04-22,20942.23242,27500,27680,27420,27480,6084300
2014-04-23,21155.46484,27780,27900,27640,27880,9500750
2014-04-24,21429.62109,28140,28180,27980,28180,10546200
2014-04-25,21307.77344,27980,28560,27960,28400,15269800
2014-04-28,21140.23242,27760,28120,27640,28080,9431450
2014-04-29,20713.77148,27200,27900,27020,27780,10909200
2014-04-30,20454.85352,26860,27620,26520,27600,15047300
2014-05-02,20500.55078,26920,27180,26880,27080,14943350
2014-05-07,20470.08789,26880,27120,26800,27000,14189700
2014-05-08,20561.4668,27000,27100,26880,27100,16281900
2014-05-09,20333.00781,26700,27160,26520,27120,13157050
2014-05-12,21140.23242,27760,27900,26640,26720,15944800
2014-05-13,21323.00391,28000,28500,27760,27760,12107400
2014-05-14,21551.46289,28300,28300,28020,28180,11103750
2014-05-15,21475.31055,28200,28380,28060,28280,6806700
2014-05-16,21749.4668,28560,28740,27980,28000,15856500
2014-05-19,22054.07813,28960,29000,28160,28560,19281050
2014-05-20,22099.76953,29020,29080,28700,28900,16007300
2014-05-21,21947.46484,28820,29000,28700,28700,10842500
2014-05-22,21719.00586,28520,28960,28520,28820,9540000
2014-05-23,21749.4668,28560,28560,28100,28100,8511650
2014-05-26,21658.08203,28440,28640,28300,28400,3735600
2014-05-27,21429.62109,28140,28460,28060,28340,4748400
2014-05-28,21825.62109,28660,28700,28180,28380,9200950
2014-05-29,22236.85156,29200,29300,28800,29000,12521500
2014-05-30,21977.92773,28860,29640,28860,29400,15831050
2014-06-02,22160.69336,29100,29160,28780,28860,7439450
2014-06-03,22389.1582,29400,29900,29300,29680,17234250
2014-06-05,22191.1543,29140,29600,29000,29320,13507050
2014-06-09,21460.08594,28180,29460,28040,29400,22269600
2014-06-10,21871.31445,28720,28760,28100,28420,9214100
2014-06-11,21658.08203,28440,28600,28240,28240,8625750
2014-06-12,21521.00586,28260,28600,28020,28600,12943150
2014-06-13,20820.38672,27340,28080,27260,28040,18589050
2014-06-16,20927.00391,27480,27640,27240,27600,15319950
2014-06-17,20927.00391,27480,27560,27020,27200,13476750
2014-06-18,20683.31055,27160,27520,27120,27460,11044350
2014-06-19,20150.23828,26460,26980,26400,26900,22339700
2014-06-20,19815.16797,26020,26600,25920,26600,23902650
2014-06-23,20135.01563,26440,26640,26320,26420,12488250
2014-06-24,20485.31445,26900,27080,26640,26800,11890850
2014-06-25,20104.54688,26400,26660,26360,26600,10231900
2014-06-26,20180.70508,26500,26860,26140,26180,12765300
2014-06-27,19975.00781,26220,26380,26120,26140,8953050
2014-06-30,20142.60938,26440,26480,26180,26200,8881050
2014-07-01,19959.77734,26200,26280,26020,26160,8725400
2014-07-02,20264.5,26600,26620,26120,26340,11139250
2014-07-03,20081.66211,26360,26720,26320,26720,8543050
2014-07-04,19898.82422,26120,26520,26060,26440,5978850
2014-07-07,19685.51172,25840,26020,25800,25820,9437050
2014-07-08,19731.22461,25900,26380,25740,25880,12073200
2014-07-09,19929.29688,26160,26160,25660,25740,11829900
2014-07-10,19898.82422,26120,26220,26040,26160,8960200
2014-07-11,19563.62305,25680,26040,25640,26000,10779600
2014-07-14,19594.09766,25720,26000,25720,25960,7082150
2014-07-15,20112.13672,26400,26460,25940,26000,11976050
2014-07-16,20127.37109,26420,26460,26220,26260,9114200
2014-07-17,20264.5,26600,26700,26400,26520,10922700
2014-07-18,20462.57813,26860,26860,26280,26300,9742650
2014-07-21,20614.93359,27060,27200,26860,26980,8059950
2014-07-22,20538.76172,26960,27160,26900,26960,6300950
2014-07-23,20386.39844,26760,27140,26700,27080,6417300
2014-07-24,20645.41211,27100,27160,26620,27000,8051700
2014-07-25,20645.41211,27100,27100,26700,26920,8790150
2014-07-28,20691.12109,27160,27340,26880,27100,8992550
2014-07-29,21117.74219,27720,27760,27060,27100,12809300
2014-07-30,21254.875,27900,28160,27480,27760,17359450
2014-07-31,20462.57813,26860,27700,26720,27480,24351350
2014-08-01,19685.51172,25840,26560,25840,26100,28231050
2014-08-04,20066.42188,26340,26340,25820,26000,12066750
2014-08-05,20051.1875,26320,26420,26000,26020,8626450
2014-08-06,19807.40625,26000,26320,25900,26120,10830100
2014-08-07,19655.04492,25800,26040,25700,26000,9527250
2014-08-08,19045.57813,25000,25700,24960,25680,20621450
2014-08-11,19350.3125,25400,25640,25140,25500,18619250
2014-08-12,19289.36719,25320,25880,25240,25400,8995700
2014-08-13,19258.89648,25280,25500,24960,25500,12845000
2014-08-14,19213.1875,25220,25640,25080,25480,10447350
2014-08-18,19045.57813,25000,25600,25000,25580,10518950
2014-08-19,19106.52734,25080,25460,25060,25280,10044400
2014-08-20,19213.1875,25220,25420,25020,25280,9430600
2014-08-21,18817.03125,24700,25220,24620,25100,17105400
2014-08-22,18999.87305,24940,24940,24700,24900,8407650
2014-08-25,18710.38672,24560,24620,24420,24620,11577200
2014-08-26,18618.96289,24440,24700,24420,24700,10719450
2014-08-27,18740.85352,24600,24740,24440,24460,12171000
2014-08-28,18923.69141,24840,25160,24720,25160,10311850
2014-08-29,18801.79688,24680,24760,24560,24760,14558250
2014-09-01,18679.90625,24520,24740,24480,24720,5664050
2014-09-02,18192.34375,23880,24500,23880,24420,15899600
2014-09-03,18116.15625,23780,24000,23600,24000,21238750
2014-09-04,18436.12305,24200,24320,24040,24200,12099950
2014-09-05,18298.99805,24020,24320,23900,24300,10770400
2014-09-11,18161.875,23840,24140,23840,24000,23309200
2014-09-12,18298.99805,24020,24160,24000,24000,10872350
2014-09-15,18283.76172,24000,24160,23920,24140,7161500
2014-09-16,18375.17773,24120,24300,24020,24160,7092400
2014-09-17,18679.90625,24520,24520,24140,24140,7545750
2014-09-18,18436.12305,24200,24600,24080,24600,9476750
2014-09-19,18436.12305,24200,24460,24120,24460,13435050
2014-09-22,18100.92188,23760,24080,23600,24080,16022100
2014-09-23,17689.53906,23220,23700,23220,23560,19541400
2014-09-24,17521.93555,23000,23220,22820,23040,15789200
2014-09-25,17613.35352,23120,23320,22940,23240,19414500
2014-09-26,18055.20898,23700,23700,22960,23040,12413550
2014-09-29,18207.58008,23900,24000,23400,23860,9401000
2014-09-30,18039.97852,23680,23760,23300,23700,12379300
2014-10-01,17613.35352,23120,23660,23120,23480,11929800
2014-10-02,17384.80273,22820,23300,22820,23300,12732750
2014-10-06,17537.17188,23020,23120,22760,22900,21252900
2014-10-07,17704.77148,23240,23720,23240,23240,10149150
2014-10-08,17217.20703,22600,23020,22480,22840,14720550
2014-10-10,16836.29883,22100,22280,21980,22000,21837450
2014-10-13,16882.00586,22160,22540,21560,21640,11344750
2014-10-14,17171.50195,22540,22920,22400,22540,16572550
2014-10-15,17141.02734,22500,22900,22400,22560,14143600
2014-10-16,16988.66406,22300,22420,22080,22320,15148300
2014-10-17,16592.51367,21780,22300,21740,22120,16281750
2014-10-20,16851.5293,22120,22340,22020,22300,9476750
2014-10-21,16501.08984,21660,22000,21620,21880,11766050
2014-10-22,16821.05859,22080,22080,21800,21940,11127700
2014-10-23,16668.70117,21880,22260,21800,22260,8505900
2014-10-24,16942.95117,22240,22240,21840,22060,8378450
2014-10-27,16683.92773,21900,22220,21740,22020,8388600
2014-10-28,16622.98438,21820,22000,21720,21800,6243850
2014-10-29,17217.20703,22600,22600,21800,22000,13726100
2014-10-30,17994.26758,23620,23660,22300,22580,24566950
2014-10-31,18954.16797,24880,25000,23700,23960,38623150
2014-11-03,18817.03125,24700,25040,24320,25000,13475800
2014-11-04,18542.78125,24340,24840,24100,24380,13000300
2014-11-05,18314.23633,24040,24500,23880,24300,10162150
2014-11-06,18344.70313,24080,24200,23860,23960,8570150
2014-11-07,18375.17773,24120,24360,23900,24360,6030200
2014-11-10,19319.83984,25360,25380,24440,24520,19202900
2014-11-11,18756.0918,24620,25220,24540,25100,12141400
2014-11-12,18740.85352,24600,24680,24380,24620,9079600
2014-11-13,18283.76172,24000,24640,23980,24560,11547150
2014-11-14,18192.34375,23880,24020,23600,24020,10621750
2014-11-17,18359.94531,24100,24400,23640,23800,9693950
2014-11-18,18588.49023,24400,24540,24300,24400,10754700
2014-11-19,18558.01367,24360,24760,24240,24760,12502750
2014-11-20,18436.12305,24200,24400,24120,24120,10024150
2014-11-21,18634.20117,24460,24520,24340,24380,12336350
2014-11-24,18588.49023,24400,24960,24200,24940,10284300
2014-11-25,18131.39648,23800,24480,23800,24480,17811050
2014-11-26,18298.99805,24020,24220,23640,23800,12287900
2014-11-27,19258.89648,25280,26020,25280,25460,44377800
2014-11-28,19609.33008,25740,25920,25480,25900,9844550
2014-12-01,19731.22461,25900,25960,25740,25880,12866850
2014-12-02,19731.22461,25900,25900,25320,25900,9222700
2014-12-03,19776.93555,25960,26020,25900,26000,9735500
2014-12-04,19807.40625,26000,26060,25960,26040,8871350
2014-12-05,19837.88672,26040,26280,26000,26280,5637800
2014-12-08,20096.9082,26380,26420,26040,26060,7916550
2014-12-09,20553.99219,26980,27140,26380,26380,13553100
2014-12-10,20066.42188,26340,26920,26340,26920,15977800
2014-12-11,19883.5918,26100,26380,25880,26340,20490850
2014-12-12,19594.09766,25720,26080,25480,26060,14397250
2014-12-15,19396.02344,25460,25600,25200,25600,14337950
2014-12-16,19487.43945,25580,25780,25360,25400,12894750
2014-12-17,19289.36719,25320,25660,25060,25580,13088650
2014-12-18,19289.36719,25320,25580,25040,25320,11808250
2014-12-19,20234.0293,26560,26560,25740,25880,18356500
2014-12-22,20493.04688,26900,26940,26360,26900,17943850
2014-12-23,20401.625,26780,26980,26740,26920,10976350
2014-12-24,20462.57813,26860,26860,26780,26780,6257000
2014-12-26,20599.70117,27040,27100,26860,26860,11488100
2014-12-29,20545.59766,26580,26940,26580,26900,9637450
2014-12-30,20514.67383,26540,26700,26420,26600,10649100
2015-01-02,20561.05664,26600,26800,26540,26800,8774950
2015-01-05,20607.43359,26660,26720,26260,26720,10139500
2015-01-06,20019.97656,25900,26340,25760,26300,15235500
2015-01-07,20205.48047,26140,26220,25640,25880,14322750
2015-01-08,20313.70703,26280,26780,26200,26780,14477600
2015-01-09,20313.70703,26280,26440,26280,26280,9312400
2015-01-12,20344.625,26320,26380,26020,26260,8325400
2015-01-13,20700.19336,26780,26800,26000,26280,12293400
2015-01-14,20792.94141,26900,27100,26700,26780,14332250
2015-01-15,20622.89453,26680,26980,26580,26900,14103900
2015-01-16,20344.625,26320,26680,26260,26680,13568500
2015-01-19,20762.02539,26860,26980,26400,26580,6672950
2015-01-20,21210.3457,27440,27440,26900,27000,13278050
2015-01-21,21565.91406,27900,27900,27200,27340,16612650
2015-01-22,21303.10547,27560,27980,27560,27960,17957700
2015-01-23,21426.79102,27720,28000,27540,28000,12858750
2015-01-26,21473.16602,27780,27900,27280,27500,10153500
2015-01-27,21643.21875,28000,28000,27480,27500,9957200
2015-01-28,21303.10547,27560,27800,27480,27720,10831500
2015-01-29,21024.83789,27200,27900,27140,27360,13702250
2015-01-30,21102.13477,27300,27540,27200,27200,16110000
2015-02-02,21148.51172,27360,27540,27120,27300,10521000
2015-02-03,21117.5957,27320,27600,27180,27600,5654400
2015-02-04,21009.37891,27180,27620,27180,27500,9328900
2015-02-05,20993.91992,27160,27380,26920,27180,6770400
2015-02-06,21210.3457,27440,27480,26720,26920,8005050
2015-02-09,21565.91406,27900,27980,27140,27200,8693500
2015-02-10,21303.10547,27560,28000,27540,28000,6519350
2015-02-11,20947.54688,27100,27480,27080,27480,9973800
2015-02-12,20777.48828,26880,27160,26620,26800,10748200
2015-02-13,21040.29688,27220,27220,26900,27200,6522900
2015-02-16,21241.26758,27480,27480,27220,27360,6226500
2015-02-17,21287.65039,27540,27540,27280,27480,5745000
2015-02-23,21133.05664,27340,27800,27320,27560,15301800
2015-02-24,21133.05664,27340,27780,27280,27700,10863250
2015-02-25,21318.56641,27580,27700,27460,27600,8374250
2015-02-26,21256.72461,27500,27600,27360,27580,8179150
2015-02-27,20978.46484,27140,27520,27140,27500,13009400
2015-03-02,21998.77734,28460,28460,27340,27500,21805600
2015-03-03,21921.48438,28360,28740,28120,28700,13748800
2015-03-04,22215.21484,28740,28800,28200,28220,11603100
2015-03-05,21983.32813,28440,28860,28340,28780,9615600
2015-03-06,22292.51367,28840,28980,28120,28280,11733500
2015-03-09,21952.4043,28400,28800,28400,28800,7814600
2015-03-10,21967.86133,28420,28860,28400,28680,10419850
2015-03-11,22787.2207,29480,29580,28360,28380,21108650
2015-03-12,22369.80078,28940,29460,28940,29200,19153200
2015-03-13,22524.4043,29140,29580,29100,29220,9413100
2015-03-16,22725.37695,29400,29740,29100,29160,8974550
2015-03-17,23142.78125,29940,30000,29200,29400,13661150
2015-03-18,23235.54297,30060,30120,29720,29920,12464350
2015-03-19,22725.37695,29400,30200,29400,30200,13225800
2015-03-20,22632.61523,29280,29600,29200,29500,12704950
2015-03-23,22679,29340,29480,29160,29240,8122900
2015-03-24,22818.13477,29520,29560,29100,29100,9113150
2015-03-25,22957.26953,29700,29760,29440,29740,9369050
2015-03-26,21967.86133,28420,29120,28420,29000,21005950
2015-03-27,21967.86133,28420,28960,28300,28300,16065800
2015-03-30,22076.08008,28560,28680,28240,28500,8955500
2015-03-31,22277.05664,28820,29040,28600,28980,9842650
2015-04-01,21998.77734,28460,28740,28400,28740,7266050
2015-04-02,22168.83398,28680,28800,28460,28680,6903400
2015-04-03,22168.83398,28680,28800,28400,28680,6270150
2015-04-06,22725.37695,29400,29800,28700,28860,10582600
2015-04-07,22601.69336,29240,29700,29240,29560,9526050
2015-04-08,22864.50977,29580,29700,29200,29400,7773400
2015-04-09,22926.35352,29660,29780,29400,29400,9107550
2015-04-10,23034.57031,29800,29880,29560,29600,9960100
2015-04-13,22864.50977,29580,29820,29360,29580,10293300
2015-04-14,22787.2207,29480,29700,29300,29700,9429750
2015-04-15,22354.34766,28920,29400,28540,29200,13551050
2015-04-16,22833.59375,29540,29540,28940,29240,10762350
2015-04-17,22416.18359,29000,29560,28940,29540,10172300
2015-04-20,22107.00391,28600,28960,28460,28920,12394900
2015-04-21,22323.43359,28880,28900,28400,28420,11852650
2015-04-22,22586.24023,29220,29460,28720,28880,12655550
2015-04-23,22431.64844,29020,29400,28800,29400,9245150
2015-04-24,21797.80664,28200,29100,28000,28980,19089900
2015-04-27,21565.91406,27900,28220,27500,28200,16517150
2015-04-28,21117.5957,27320,28000,27180,27800,15697300
2015-04-29,21411.32617,27700,27880,27280,27340,10895650
2015-04-30,21797.80664,28200,28360,27580,27700,18352850
2015-05-04,21643.21875,28000,28460,27940,28140,8283700
2015-05-06,21055.75195,27240,27820,27120,27800,13270500
2015-05-07,21179.43359,27400,27500,27080,27240,10257400
2015-05-08,20684.73633,26760,27400,26760,27320,9488100
2015-05-11,20653.81641,26720,27200,26720,27200,9640450
2015-05-12,20576.51563,26620,27060,26480,26900,10633200
2015-05-13,20607.43359,26660,26980,26520,26980,9877250
2015-05-14,20715.65039,26800,26860,26560,26820,8488500
2015-05-15,20499.21484,26520,27120,26420,27100,8922350
2015-05-18,20406.45898,26400,26700,26180,26700,9626850
2015-05-19,20684.73633,26760,27100,26140,26420,8680900
2015-05-20,21117.5957,27320,27400,26820,26980,10291450
2015-05-21,20901.16406,27040,27440,26880,27420,7210600
2015-05-22,20870.24023,27000,27060,26700,27060,8195800
2015-05-26,21055.75195,27240,27380,26720,27320,10034150
2015-05-27,20313.70703,26280,27320,26260,27200,17265450
2015-05-28,20236.40234,26180,26420,26020,26340,15048150
2015-05-29,20205.48047,26140,26420,25940,26400,17380750
2015-06-01,19958.13867,25820,26020,25760,26000,10921950
2015-06-02,20143.65039,26060,26060,25760,26000,8757550
2015-06-03,19679.86328,25460,26320,25300,26060,11769400
2015-06-04,20669.26953,26740,26820,26100,26300,19411950
2015-06-05,20731.10352,26820,27100,26400,26500,9828150
2015-06-08,20313.70703,26280,26940,26260,26900,10118950
2015-06-09,19819.00195,25640,26200,25360,26000,13735250
2015-06-10,19509.8125,25240,25880,25240,25640,12501700
2015-06-11,19432.51563,25140,25480,25060,25260,15314050
2015-06-12,19741.70117,25540,25740,25280,25560,11741500
2015-06-15,19633.49219,25400,25480,25100,25100,8067800
2015-06-16,19401.5957,25100,25480,24900,25400,12767600
2015-06-17,19386.14258,25080,25320,24800,25000,9452300
2015-06-18,19556.18555,25300,25580,25020,25180,8247600
2015-06-19,19571.6543,25320,25560,25200,25320,7094750
2015-06-22,19803.54102,25620,25920,25520,25820,6370900
2015-06-23,20421.91602,26420,26560,25820,26180,10159000
2015-06-24,20128.19531,26040,26220,25820,26000,10198000
2015-06-25,19618.0293,25380,26060,25380,25800,10695800
2015-06-26,19757.16602,25560,25800,25040,25040,10347500
2015-06-29,19819.05078,25620,25700,25120,25380,11519950
2015-06-30,19617.91797,25360,25700,25320,25520,9870350
2015-07-01,20035.64844,25900,26040,25180,25360,8324900
2015-07-02,20097.53711,25980,26080,25700,25720,8223000
2015-07-03,19617.91797,25360,25880,25340,25740,7130200
2015-07-06,19029.99805,24600,25200,24460,25060,10099950
2015-07-07,19184.71484,24800,25180,24400,24400,12478250
2015-07-08,19169.24414,24780,25020,24640,24800,11780950
2015-07-09,19571.5,25300,25300,24520,24600,14030500
2015-07-10,19478.67773,25180,25320,24960,25140,9573400
2015-07-13,19586.97266,25320,25440,24900,25000,7672050
2015-07-14,18952.64258,24500,25400,24420,25300,19989700
2015-07-15,19107.36133,24700,24760,24480,24500,8370650
2015-07-16,19834.52539,25640,25740,24460,24460,11173450
2015-07-17,20190.36914,26100,26220,25560,26000,14861650
2015-07-20,19726.2207,25500,26080,25460,25820,6446400
2015-07-21,19540.55859,25260,25540,24940,25500,9702750
2015-07-22,19385.84375,25060,25200,24700,24880,13416150
2015-07-23,19091.88672,24680,25060,24680,24880,10448250
2015-07-24,19014.5332,24580,24760,24480,24540,9829200
2015-07-27,19029.99805,24600,24940,24560,24580,12152000
2015-07-28,19029.99805,24600,25020,24380,24480,13381350
2015-07-29,19540.55859,25260,25500,24620,25000,13734450
2015-07-30,18797.93359,24300,25200,24300,25160,15419600
2015-07-31,18333.78125,23700,24440,23500,24400,19579450
2015-08-03,18179.06445,23500,23680,23320,23680,9844550
2015-08-04,18287.36719,23640,23740,23400,23500,12844350
2015-08-05,17931.52148,23180,23640,23160,23640,12802500
2015-08-06,17250.7793,22300,23120,22300,23100,20199050
2015-08-07,17575.67773,22720,22740,22300,22400,13787100
2015-08-10,17653.0293,22820,22840,22600,22800,5722500
2015-08-11,17900.58008,23140,23580,22960,23020,11664300
2015-08-12,17854.1582,23080,23280,22800,23000,11154000
2015-08-13,17637.56055,22800,23060,22760,23060,7520550
2015-08-14,17637.56055,22800,22800,22800,22800,0
2015-08-17,17080.5918,22080,22820,22080,22800,11360850
2015-08-18,17498.32422,22620,22820,22340,22360,11583600
2015-08-19,17854.1582,23080,23520,22820,23380,20070750
2015-08-20,17622.0918,22780,23420,22600,23260,10805950
2015-08-21,17034.17383,22020,22560,21920,21980,20442550
2015-08-24,16693.80078,21580,22300,20660,21760,22429600
2015-08-25,16693.80078,21580,22140,21340,21580,19625950
2015-08-26,16508.14258,21340,21480,21000,21360,27947600
2015-08-27,16508.14258,21340,21720,21260,21640,24769400
2015-08-28,16724.74414,21620,21720,21460,21720,23111150
2015-08-31,16848.51563,21780,21780,21040,21420,20415450
2015-09-01,16786.62695,21700,21960,21620,21780,12018600
2015-09-02,16863.98828,21800,21900,21300,21380,15634150
2015-09-03,17359.07813,22440,22500,21860,22040,15200350
2015-09-04,17467.375,22580,22880,22360,22440,12570650
2015-09-07,17204.36133,22240,22580,22100,22580,9590250
2015-09-08,17498.32422,22620,22720,22120,22260,9116500
2015-09-09,17745.86328,22940,22940,22720,22920,12968800
2015-09-10,17544.72852,22680,22780,22360,22600,18128400
2015-09-11,17250.7793,22300,22660,22300,22520,10208350
2015-09-14,17390.01953,22480,22480,22200,22400,8353650
2015-09-15,17374.54492,22460,22560,22260,22280,11647800
2015-09-16,17823.22266,23040,23140,22420,22420,17188150
2015-09-17,17900.58008,23140,23140,22880,23060,13698000
2015-09-18,18411.13867,23800,23840,22700,22900,21813500
2015-09-21,17792.27344,23000,23460,23000,23260,10267950
2015-09-22,17714.91992,22900,23000,22600,22860,12533750
2015-09-23,17498.32422,22620,22880,22500,22880,9882450
2015-09-24,17420.96289,22520,22700,22500,22520,6636050
2015-09-25,17204.36133,22240,22500,22180,22400,10458000
2015-09-30,17544.72852,22680,22680,21800,22000,22946800
2015-10-01,17544.72852,22680,22900,22420,22800,12052050
2015-10-02,17312.6582,22380,22660,22240,22240,13715100
2015-10-05,17250.7793,22300,22620,22300,22380,12096750
2015-10-06,17807.74805,23020,23100,22540,22600,19149350
2015-10-07,19354.9043,25020,25040,23720,23960,39975100
2015-10-08,19648.86328,25400,25580,25000,25000,28533850
2015-10-12,19494.14844,25200,25260,24940,25200,18948700
2015-10-13,19370.37305,25040,25440,24960,25200,9900000
2015-10-14,19401.32031,25080,25200,24740,24960,8752550
2015-10-15,19633.38867,25380,25640,24860,24880,12425150
2015-10-16,19571.5,25300,25380,25180,25300,7198400
2015-10-19,19432.26172,25120,25300,24980,25140,5853500
2015-10-20,19586.97266,25320,25460,25120,25200,7517350
2015-10-21,19648.86328,25400,25640,25180,25300,6978350
2015-10-22,19803.58398,25600,25900,25380,25600,11533650
2015-10-23,19942.82813,25780,26000,25560,26000,13153550
2015-10-26,19989.24023,25840,25960,25440,25960,7608250
2015-10-27,20082.07227,25960,25980,25620,25640,6612050
2015-10-28,20236.7832,26160,26160,25820,25880,13565150
2015-10-29,20499.80273,26500,27840,26480,26600,31523550
2015-10-30,21226.96094,27440,27800,26820,26900,25469250
2015-11-02,21397.1543,27660,27860,27480,27700,19327300
2015-11-03,20917.53125,27040,27620,27000,27620,15092000
2015-11-04,20577.16016,26600,27220,26520,27040,14053500
2015-11-05,20762.81445,26840,27080,26600,26600,8652100
2015-11-06,20700.92969,26760,26960,26600,26860,8216100
2015-11-09,20793.75781,26880,26880,26420,26760,9283050
2015-11-10,20437.91211,26420,26820,26280,26720,9877550
2015-11-11,20623.57227,26660,26900,26420,26420,7022450
2015-11-12,20376.02734,26340,26680,26340,26660,7870850
2015-11-13,20113.00586,26000,26340,26000,26340,8883850
2015-11-16,19540.55859,25260,25820,25260,25820,13785250
2015-11-17,19648.86328,25400,25800,25400,25500,9309200
2015-11-18,19819.05078,25620,25800,25440,25440,8386750
2015-11-19,19942.82813,25780,25800,25420,25800,9642500
2015-11-20,19880.9375,25700,25920,25560,25780,8436000
2015-11-23,19834.52539,25640,26040,25620,25700,9941000
2015-11-24,20097.53711,25980,26100,25640,25640,7978000
2015-11-25,20097.53711,25980,26200,25980,26000,7131350
2015-11-26,20654.51172,26700,26800,25980,25980,9290000
2015-11-27,20530.74023,26540,26980,26540,26900,8492700
2015-11-30,19865.46094,25680,26500,25680,26500,26700300
2015-12-01,20437.91211,26420,26440,25760,25880,12605650
2015-12-02,20113.00586,26000,26440,25880,26420,11481400
2015-12-03,19958.29102,25800,25940,25720,25900,8334750
2015-12-04,19633.38867,25380,25600,25340,25500,9635550
2015-12-07,19525.08789,25240,25500,25240,25380,9805350
2015-12-08,19525.08789,25240,25440,25240,25240,6916100
2015-12-09,19540.55859,25260,25500,25240,25240,9090600
2015-12-10,19849.99609,25660,25860,25260,25260,15193350
2015-12-11,19865.46094,25680,25900,25440,25660,10336450
2015-12-14,19509.62109,25220,25460,25100,25460,11140050
2015-12-15,19757.16211,25540,25600,25200,25220,8774700
2015-12-16,20097.53711,25980,26200,25560,25560,10398100
2015-12-17,19958.29102,25800,26160,25500,26020,8733850
2015-12-18,19772.63867,25560,25760,25280,25300,8418450
2015-12-21,19803.58398,25600,25700,25220,25560,8023300
2015-12-22,19989.24023,25840,25840,25340,25600,10309600
2015-12-23,20035.64844,25900,25980,25640,25840,10357400
2015-12-24,19880.9375,25700,26000,25700,25900,7807550
2015-12-28,19586.97266,25320,25780,25320,25700,11361500
2015-12-29,19712.73633,25080,25320,24820,25300,11647200
2015-12-30,19807.05664,25200,25440,25080,25200,10197900
2016-01-04,18942.46094,24100,25200,24100,25200,15346950
2016-01-05,18989.62109,24160,24360,23720,24040,10800100
2016-01-06,18470.86719,23500,24160,23360,24160,18337600
2016-01-07,18282.22461,23260,23660,23020,23320,14119400
2016-01-08,18407.98633,23420,23720,23260,23260,12888150
2016-01-11,18109.3125,23040,23320,22920,23120,12063850
2016-01-12,18014.98828,22920,23320,22880,22960,10314150
2016-01-13,18046.43359,22960,23180,22960,23060,7165800
2016-01-14,17889.23242,22760,22840,22620,22620,10451100
2016-01-15,17794.9082,22640,23040,22480,22800,10473200
2016-01-18,17700.59766,22520,22660,21760,21760,16010700
2016-01-19,18407.98633,23420,23420,22560,22560,10362100
2016-01-20,17889.23242,22760,23200,22640,23200,8352600
2016-01-21,17779.19531,22620,23100,22500,22660,9517600
2016-01-22,18360.82422,23360,23360,22900,22900,7376400
2016-01-25,18266.50586,23240,23520,23120,23440,7995650
2016-01-26,17873.51172,22740,23140,22720,23100,7619950
2016-01-27,18470.86719,23500,23500,22520,22520,13811850
2016-01-28,17999.26563,22900,23360,22780,23280,15795600
2016-01-29,18077.86523,23000,23000,22320,22800,21849150
2016-02-01,18282.22461,23260,23260,23020,23040,12998950
2016-02-02,18172.18945,23120,23320,22940,23220,8317400
2016-02-03,18014.98828,22920,23040,22740,23000,8725350
2016-02-04,18172.18945,23120,23220,22960,23000,12397950
2016-02-05,18297.94727,23280,23380,23120,23120,9404700
2016-02-11,17763.46484,22600,22740,22360,22360,15263100
2016-02-12,17763.46484,22600,23020,22440,22600,12811600
2016-02-15,18140.74805,23080,23200,22880,23080,9157300
2016-02-16,18360.82422,23360,23580,23140,23160,9020050
2016-02-17,18628.06445,23700,24020,23380,23580,12303100
2016-02-18,18659.50391,23740,24060,23560,24060,11124050
2016-02-19,18706.66016,23800,23900,23480,23740,8842600
2016-02-22,18470.86719,23500,23840,23320,23800,8744950
2016-02-23,18565.18555,23620,23780,23460,23580,7383700
2016-02-24,18423.70508,23440,23580,23220,23560,7024200
2016-02-25,18533.74414,23580,23740,23440,23440,6681750
2016-02-26,18423.70508,23440,23740,23440,23600,8867200
2016-02-29,18518.03125,23560,23880,23520,23580,14434000
2016-03-02,18816.70703,23940,24140,23920,24000,11818600
2016-03-03,19178.26367,24400,24400,24040,24260,10949550
2016-03-04,19099.66406,24300,24560,24040,24400,10074500
2016-03-07,19225.42383,24460,24620,24300,24400,6568800
2016-03-08,18738.10352,23840,24480,23720,24460,10810100
2016-03-09,18769.55078,23880,23980,23540,23760,9169000
2016-03-10,19256.86133,24500,24720,24020,24160,14177000
2016-03-11,19634.13672,24980,25060,24320,24500,13361250
2016-03-14,19728.45703,25100,25460,24980,25340,10857700
2016-03-15,19697.01563,25060,25280,24920,25100,8640400
2016-03-16,19744.17773,25120,25260,25060,25120,7342800
2016-03-17,19854.21094,25260,25920,25140,25300,12343450
2016-03-18,20011.41211,25460,25560,25260,25560,11265700
2016-03-21,19917.0957,25340,25580,25160,25480,9058500
2016-03-22,19948.53516,25380,25580,25240,25340,10143600
2016-03-23,20105.73633,25580,25580,25240,25380,9870900
2016-03-24,20152.89453,25640,25800,25320,25580,10939750
2016-03-25,20247.2168,25760,25800,25560,25660,7172300
2016-03-28,20341.5293,25880,26000,25760,25760,6060900
2016-03-29,20278.64844,25800,26000,25700,25880,8622700
2016-03-30,20561.61133,26160,26420,26040,26200,13380250
2016-03-31,20624.49023,26240,26280,25960,26120,19130750
2016-04-01,20105.73633,25580,26180,25420,25980,13557800
2016-04-04,20514.44922,26100,26100,25580,25580,9402300
2016-04-05,19807.05664,25200,25980,25200,25980,11815950
2016-04-06,20200.05469,25700,25820,25360,25380,9211700
2016-04-07,19948.53516,25380,26000,25160,26000,12939750
2016-04-08,19586.97656,24920,25380,24800,25380,12593400
2016-04-11,19901.37305,25320,25420,24920,24920,6034650
2016-04-12,20042.85547,25500,25620,25320,25400,6702700
2016-04-14,20435.84961,26000,26040,25780,26000,16766350
2016-04-15,20435.84961,26000,26200,25800,26180,6829950
2016-04-18,20420.13477,25980,26100,25840,25900,6423700
2016-04-19,20247.2168,25760,25920,25660,25880,7238300
2016-04-20,20420.13477,25980,26000,25640,25640,8598600
2016-04-21,20341.5293,25880,26020,25760,26000,7254450
2016-04-22,20121.45703,25600,25880,25540,25880,5741500
2016-04-25,20137.17383,25620,25700,25420,25700,4597850
2016-04-26,20372.97656,25920,26100,25660,25700,8345050
2016-04-27,20435.84961,26000,26000,25720,25880,8297300
2016-04-28,19885.65039,25300,26000,25220,26000,14653450
2016-04-29,19571.25977,24900,25340,24840,25200,16253900
2016-05-02,19649.85547,25000,25240,24900,24940,7027600
2016-05-03,19822.7793,25220,25400,25120,25340,7903300
2016-05-04,20278.64844,25800,25800,25240,25440,14702750
2016-05-09,20420.13477,25980,26000,25700,25800,13718100
2016-05-10,20372.97656,25920,26000,25760,25980,8559550
2016-05-11,20310.0918,25840,25980,25740,25920,8834400
2016-05-12,20137.17383,25620,25840,25500,25840,7615100
2016-05-13,19697.01563,25060,25620,25020,25620,12284900
2016-05-16,19618.41797,24960,25260,24940,25060,11720150
2016-05-17,19869.93555,25280,25300,24980,24980,9183550
2016-05-18,19932.81641,25360,25420,25100,25280,9169600
2016-05-19,19964.25586,25400,25540,25320,25360,10012450
2016-05-20,19948.53516,25380,25600,25380,25400,7960550
2016-05-23,20215.77539,25720,25720,25380,25380,8112550
2016-05-24,19979.97461,25420,25780,25360,25720,10434600
2016-05-25,20357.24805,25900,25960,25480,25660,11862750
2016-05-26,20372.97656,25920,26060,25900,25980,12653650
2016-05-27,20152.89453,25640,26020,25460,26000,13744550
2016-05-30,20121.45703,25600,25940,25480,25940,10315350
2016-05-31,20310.0918,25840,26000,25360,25600,62527700
2016-06-01,20954.60742,26660,26820,25900,25960,23504000
2016-06-02,21457.64063,27300,27440,26920,27000,23806950
2016-06-03,21646.28711,27540,27580,27280,27400,17066200
2016-06-07,21976.40234,27960,28040,27600,27720,23142150
2016-06-08,22102.15625,28120,28380,27780,28380,18808100
2016-06-09,22479.4375,28600,28600,28120,28160,25768750
2016-06-10,22102.15625,28120,28500,28080,28480,14484050
2016-06-13,21551.95898,27420,27920,27240,27920,15248300
2016-06-14,21693.44727,27600,27720,27380,27420,12273050
2016-06-15,22212.19922,28260,28320,27660,27700,15334450
2016-06-16,22149.32227,28180,28340,27900,28260,14621550
2016-06-17,22416.55469,28520,28700,28200,28200,16419700
2016-06-20,22495.16016,28620,28960,28520,28540,13515800
2016-06-21,22762.39648,28960,28980,28520,28640,10020550
2016-06-22,22715.23828,28900,29000,28620,28920,8948250
2016-06-23,22479.4375,28600,28900,28540,28880,11256300
2016-06-24,22007.8418,28000,28900,27200,28900,20552600
2016-06-27,21976.40234,27960,28100,27700,28000,11839000
2016-06-28,21992.12109,27980,28080,27580,27800,10718950
2016-06-29,21960.65625,27920,28240,27820,28160,10527050
2016-06-30,22416.85547,28500,28900,27940,28160,13671700
2016-07-01,23061.83984,29320,29580,28540,28540,14393600
2016-07-04,23061.83984,29320,29480,29020,29280,7995000
2016-07-05,23109.03125,29380,29500,29240,29320,7870350
2016-07-06,22353.93164,28420,29040,28240,28940,16749150
2016-07-07,22810.13672,29000,29000,28320,28420,11495200
2016-07-08,22967.45508,29200,29500,28980,29000,13498150
2016-07-11,23423.6543,29780,30000,29200,29200,14056800
2016-07-12,23030.37109,29280,30100,29200,29980,11024700
2016-07-13,23297.80469,29620,29920,29260,29920,10009900
2016-07-14,23596.70117,30000,30000,29520,29620,12430250
2016-07-15,23879.85156,30360,30440,29720,30000,11623150
2016-07-18,24115.81836,30660,30660,30000,30360,11567200
2016-07-19,24115.81836,30660,30800,30440,30560,10122250
2016-07-20,24225.94141,30800,30840,30480,30660,7773150
2016-07-21,24273.13672,30860,30940,30740,30800,8544700
2016-07-22,23848.39453,30320,30560,30120,30120,8585150
2016-07-25,23628.1582,30040,30460,29900,30000,7732500
2016-07-26,24068.62891,30600,30620,29960,30000,7228500
2016-07-27,24021.43555,30540,30580,30240,30240,6335050
2016-07-28,23706.81445,30140,30720,29960,30660,9503700
2016-07-29,24210.20703,30780,31140,30220,30400,14985600
2016-08-01,24666.41211,31360,31600,31200,31380,11515400
2016-08-02,24351.79297,30960,31360,30920,31360,8315800
2016-08-03,23864.125,30340,30960,30340,30960,7504900
2016-08-04,23864.125,30340,30660,30340,30380,7009950
2016-08-05,24556.29297,31220,31280,30500,30580,6958850
2016-08-08,24682.14258,31380,31500,31120,31320,11125150
2016-08-09,24650.68164,31340,31580,31140,31480,9023200
2016-08-10,24241.66406,30820,31400,30680,31340,12340350
2016-08-11,24524.83008,31180,31180,30520,30820,10533600
2016-08-12,24304.5957,30900,31400,30880,31180,10474850
2016-08-16,24666.41211,31360,31520,30900,30900,10843100
2016-08-17,24634.94922,31320,31400,31020,31380,7446450
2016-08-18,25799.05273,32800,32880,31320,31340,18327050
2016-08-19,26349.64453,33500,33500,32720,32760,16805150
2016-08-22,26192.33594,33300,33840,33180,33480,12612200
2016-08-23,26538.41602,33740,33880,33140,33300,11545700
2016-08-24,26003.55469,33060,33640,32720,33600,15938550
2016-08-25,25783.32422,32780,33180,32440,32600,14173800
2016-08-26,25358.58398,32240,32460,32060,32120,12058000
2016-08-29,25799.05273,32800,32800,31940,32040,8925750
2016-08-30,25877.70898,32900,33420,32660,32940,7849600
2016-08-31,25484.43164,32400,32820,32220,32820,20532200
2016-09-01,24965.30469,31740,31760,31260,31660,18790150
2016-09-02,25122.61328,31940,32260,31760,31900,8153000
2016-09-05,25264.19727,32120,32300,31700,31800,8383800
2016-09-06,25846.24805,32860,32900,31940,32140,7660150
2016-09-07,25500.16406,32420,33040,32420,32960,9591850
2016-09-08,25783.32422,32780,32780,32280,32460,12070850
2016-09-09,24776.53125,31500,32360,31280,32220,13258400
2016-09-12,23046.10156,29300,30120,29120,29800,26499350
2016-09-13,24021.43555,30540,30980,29900,30160,24717250
2016-09-19,24509.09961,31160,31380,30720,30760,22408150
2016-09-20,24933.83984,31700,31760,31180,31180,12921150
2016-09-21,25043.96094,31840,32020,31520,31900,10509050
2016-09-22,25452.96875,32360,32820,31980,32000,11429950
2016-09-23,24713.61328,31420,31960,31320,31640,18299650
2016-09-26,24666.41211,31360,31920,31280,31420,14524800
2016-09-27,24682.14258,31380,31500,30660,31000,9834400
2016-09-28,24650.68164,31340,31460,31080,31080,8706400
2016-09-29,25169.80273,32000,32380,31440,31460,11397550
2016-09-30,25138.34961,31960,32300,31700,31800,11762700
2016-10-04,25390.04492,32280,32480,32120,32200,13053100
2016-10-05,25468.69336,32380,32520,31940,32020,12470450
2016-10-06,26601.34375,33820,34000,33340,33920,29558150
2016-10-07,26837.30664,34120,34320,33800,34000,26050550
2016-10-10,26428.29688,33600,33780,32560,33000,25293300
2016-10-11,24304.5957,30900,32500,30900,32000,38427150
2016-10-12,24147.2832,30700,30900,29880,29900,39088550
2016-10-13,24493.37109,31140,31620,30900,31000,21864550
2016-10-14,24807.99023,31540,31760,30940,30960,14158950
2016-10-17,25012.49414,31800,32040,30760,31300,12785200
2016-10-18,24996.77148,31780,31900,31440,31440,10384500
2016-10-19,25563.08789,32500,32860,31500,31580,15444550
2016-10-20,25484.43164,32400,33020,32180,32520,10330450
2016-10-21,24996.77148,31780,32260,31760,32120,10477500
2016-10-24,25295.6582,32160,32160,31800,31860,9289950
2016-10-25,25122.61328,31940,32080,31840,32000,9866100
2016-10-26,24650.68164,31340,31980,31240,31940,10534000
2016-10-27,24745.06641,31460,32340,31120,31420,14117000
2016-10-28,25390.04492,32280,32280,31600,31600,10214200
2016-10-31,25783.32422,32780,32780,32220,32320,12067200
2016-11-01,25987.82617,33040,33040,32240,32600,10347400
2016-11-02,25846.24805,32860,33040,32620,32800,10099250
2016-11-03,25421.50195,32320,32800,32120,32600,10341850
2016-11-04,25594.54883,32540,32680,32100,32100,7103850
2016-11-07,25799.05273,32800,33000,32680,32940,7661900
2016-11-08,25861.97852,32880,32980,32700,32980,5417450
2016-11-09,25106.88086,31920,33140,31820,32920,15683600
2016-11-10,25940.63672,32980,33000,32360,32600,11795350
2016-11-11,25138.34961,31960,32360,31700,31700,12836800
2016-11-14,24430.44141,31060,31920,31040,31900,15133300
2016-11-15,24210.20703,30780,31620,30780,31060,13665700
2016-11-16,24509.09961,31160,31280,30800,30800,13308200
2016-11-17,24666.41211,31360,31520,30900,31100,7870550
2016-11-18,24949.57422,31720,31760,31400,31640,9460750
2016-11-21,25059.68945,31860,32120,31300,31300,8180200
2016-11-22,25799.05273,32800,32900,32000,32140,9751100
2016-11-23,25940.63672,32980,33220,32520,33220,12668600
2016-11-24,25956.36328,33000,33040,32660,32980,7757150
2016-11-25,25956.36328,33000,33040,32660,32820,6276900
2016-11-28,26381.10742,33540,33620,32800,33000,13294050
2016-11-29,26381.10742,33540,33960,33380,33800,18081300
2016-11-30,27466.55078,34920,34940,33540,33540,28535200
2016-12-01,27513.74609,34980,35060,34660,34800,15535350
2016-12-02,27167.66211,34540,34760,34140,34480,15352950
2016-12-05,27026.08008,34360,34680,34220,34340,8484600
2016-12-06,27498.01172,34960,35200,34400,34440,14001800
2016-12-07,27875.57227,35440,35480,35040,35040,9603650
2016-12-08,28158.72266,35800,36020,35520,35980,16462550
2016-12-09,28001.41406,35600,35900,35400,35900,10652450
2016-12-12,27560.94141,35040,35360,34660,34660,11414450
2016-12-13,27781.17383,35320,35440,34620,34620,11684450
2016-12-14,27954.22266,35540,35680,35280,35560,7455100
2016-12-15,27671.0625,35180,35500,34820,34820,5773550
2016-12-16,28205.91797,35860,36020,35200,35300,11747700
2016-12-19,28237.37695,35900,36380,35620,35620,5435800
2016-12-20,28504.80469,36240,36400,35840,35920,7615200
2016-12-21,28394.68359,36100,36600,36020,36360,6552100
2016-12-22,28457.61523,36180,36300,35980,36260,6354600
2016-12-23,28032.86914,35640,36080,35600,36020,8334850
2016-12-26,28284.56836,35960,36000,35560,35600,4823600
2016-12-27,28300.29883,35980,36200,35860,35980,4653450
2016-12-28,28563.90625,35760,35980,35600,35840,6662900
2016-12-29,28787.54688,36040,36040,35400,35420,7516450
2017-01-02,28835.47656,36100,36240,35880,35980,4650600
2017-01-03,29139.00977,36480,36620,36020,36280,7357650
2017-01-04,28883.40625,36160,36520,36100,36500,7971750
2017-01-05,28404.13867,35560,36060,35540,36060,10967450
2017-01-06,28915.35156,36200,36440,36040,36180,8880950
2017-01-09,29730.09961,37220,37500,36560,36600,13194900
2017-01-10,29746.06641,37240,37400,37080,37280,9099800
2017-01-11,30576.78711,38280,38560,37420,37520,12018150
2017-01-12,30992.14648,38800,38800,37980,38000,11669150
2017-01-13,29921.80859,37460,38320,37460,38100,15954450
2017-01-16,29282.7832,36660,37820,36320,36860,16611500
2017-01-17,29522.42188,36960,37460,36580,36580,8150700
2017-01-18,29506.43945,36940,37500,36620,37040,8875400
2017-01-19,29937.77148,37480,37920,37020,37720,9418900
2017-01-20,29714.11719,37200,37420,36880,37120,9185000
2017-01-23,30401.06055,38060,38060,37000,37200,8810400
2017-01-24,30480.9375,38160,38580,37880,38120,11048750
2017-01-25,31471.40234,39400,39400,38320,38340,13433850
2017-01-26,31870.78711,39900,40000,39420,39420,15214500
2017-01-31,31519.33789,39460,39900,39460,39900,17992200
2017-02-01,31247.75,39120,39660,39040,39540,14150400
2017-02-02,31439.44531,39360,39660,39200,39600,15029300
2017-02-03,31519.33789,39460,39500,39180,39400,10386350
2017-02-06,31599.22461,39560,39660,39140,39580,8860700
2017-02-07,31008.12891,38820,39580,38760,39560,14041800
2017-02-08,30672.63867,38400,38780,38200,38740,17092950
2017-02-09,30672.63867,38400,38840,38220,38780,13694150
2017-02-10,30640.68555,38360,38760,38300,38400,11020750
2017-02-13,30321.18555,37960,38060,37720,37740,11102050
2017-02-14,30017.64648,37580,38260,37320,37960,13124150
2017-02-15,30129.47852,37720,37960,37080,37080,14191550
2017-02-16,30369.10547,38020,38360,37780,37800,10226350
2017-02-17,30241.31055,37860,38040,37280,37560,15377450
2017-02-20,30880.31836,38660,38780,38160,38220,7485800
2017-02-21,31103.96875,38940,39560,38420,38540,10562600
2017-02-22,31391.52734,39300,39340,38980,39000,8539450
2017-02-23,31295.6875,39180,39440,39020,39020,10217300
2017-02-24,30528.86523,38220,39100,38060,38960,9296850
2017-02-27,30401.06055,38060,38140,37700,38020,9033700
2017-02-28,30704.5918,38440,38760,37960,38060,15088700
2017-03-02,31727.01953,39720,39860,38420,38420,21249800
2017-03-03,31647.13086,39620,39720,39160,39340,12708700
2017-03-06,32014.57227,40080,40220,39220,39220,12234850
2017-03-07,32110.42188,40200,40320,39800,39800,10553250
2017-03-08,32110.42188,40200,40620,40140,40200,12140950
2017-03-09,32110.42188,40200,40300,40020,40200,14372250
2017-03-10,32094.45313,40180,40420,39860,39960,10227800
2017-03-13,32429.93555,40600,40980,40040,40040,7424100
2017-03-14,33036.99219,41360,41540,40500,40620,11325050
2017-03-15,33068.9375,41400,41440,40800,40800,9587850
2017-03-16,33420.39844,41840,42180,41540,41800,9933150
2017-03-17,33867.69922,42400,42500,41720,41800,12602300
2017-03-20,33468.32422,41900,42120,41740,42000,10250050
2017-03-21,33995.50781,42560,42680,41760,41780,14220150
2017-03-22,33915.63672,42460,42460,41580,41600,16427250
2017-03-23,33388.44141,41800,42360,41700,42200,15397100
2017-03-24,33148.82813,41500,41980,41080,41600,12808150
2017-03-27,32909.18359,41200,41880,41180,41200,12177650
2017-03-28,33132.83594,41480,41840,41380,41560,8216250
2017-03-29,33372.46875,41780,41960,41580,41740,10093250
2017-03-30,33644.97656,41980,42440,41880,41880,8204000
2017-03-31,33019.83984,41200,42020,41200,41820,10500300
2017-04-03,33212.18359,41440,41720,41300,41400,9579400
2017-04-04,33725.10938,42080,42180,41520,41600,12255500
2017-04-05,33773.19922,42140,42240,41700,41900,10699700
2017-04-06,33532.76563,41840,42080,41600,42000,9683400
2017-04-07,33340.41016,41600,41820,41160,41800,10021000
2017-04-10,33612.90625,41940,41940,41500,41940,7141350
2017-04-11,33340.41016,41600,41940,41580,41940,7172900
2017-04-12,33580.84375,41900,41940,41700,41860,8274900
2017-04-13,33997.60547,42420,42460,41660,41660,9040800
2017-04-14,33677.02734,42020,42260,41760,42160,5462850
2017-04-17,33308.35547,41560,42080,41520,42000,5224750
2017-04-18,33260.26953,41500,41820,41280,41680,6860650
2017-04-19,32779.40234,40900,41420,40900,41300,11762900
2017-04-20,32282.49414,40280,40800,40080,40580,21148850
2017-04-21,32667.20703,40760,41400,40480,40480,15130500
2017-04-24,33051.89063,41240,41260,40920,41260,8990150
2017-04-25,34222.00781,42700,42740,41320,41460,19299600
2017-04-26,34302.15625,42800,42800,42520,42700,14794800
2017-04-27,35135.67969,43840,44520,41960,42700,23032250
2017-04-28,35760.79297,44620,45800,44520,45780,22685700
2017-05-02,35985.19922,44900,45500,44760,45500,14068300
2017-05-04,36482.12109,45520,45700,44860,45700,13690100
2017-05-08,37684.28516,47020,47020,45340,45520,19582550
2017-05-10,36546.22656,45600,47220,45600,46160,23410950
2017-05-11,36466.07813,45500,46180,45220,45420,21277850
2017-05-12,36722.53516,45820,46160,45660,45760,9422900
2017-05-15,36946.94922,46100,46280,45620,45620,8001400
2017-05-16,37171.35156,46380,46800,46100,46660,8803750
2017-05-17,37139.29297,46340,46640,46100,46120,7424450
2017-05-18,36818.72266,45940,46000,45540,45740,11160350
2017-05-19,35840.94922,44720,45780,44720,45640,15762350
2017-05-22,36145.50391,45100,45380,44760,45040,17643550
2017-05-23,36001.23047,44920,45580,44900,45400,12607050
2017-05-24,35969.18359,44880,45300,44800,44860,8675400
2017-05-25,36610.33203,45680,45680,44800,45160,13044800
2017-05-26,36930.92188,46080,46460,45540,45600,13613650
2017-05-29,36562.25391,45620,46400,45380,46220,8739550
2017-05-30,35776.83203,44640,45660,44480,45520,12433600
2017-05-31,35824.92578,44700,45020,44400,44580,18669100
2017-06-01,35808.88281,44680,44900,44400,44860,9753500
2017-06-02,36834.74219,45960,45960,45000,45060,12488750
2017-06-05,36818.72266,45940,46360,45720,46040,7599400
2017-06-07,36305.79297,45300,46500,45240,46500,13729400
2017-06-08,36193.58203,45160,45580,45000,45000,13978750
2017-06-09,36946.94922,46100,46440,45600,45680,11732850
2017-06-12,36369.90625,45380,45600,45140,45420,10954300
2017-06-13,36385.93359,45400,45620,45140,45140,8624900
2017-06-14,36353.875,45360,46060,45240,45800,10166700
2017-06-15,36610.33203,45680,45920,45180,45680,9657000
2017-06-16,36530.19531,45580,45940,45460,45500,17403450
2017-06-19,37315.62109,46560,46560,45560,45580,11303900
2017-06-20,38581.91797,48140,48140,47220,47240,15045000
2017-06-21,38052.95313,47480,48120,47480,47740,9973650
2017-06-22,38437.65625,47960,48080,47720,47960,11455800
2017-06-23,38165.15234,47620,47780,47420,47600,9515100
2017-06-26,38694.12109,48280,48360,47520,47520,8552800
2017-06-27,38710.14453,48300,48400,47900,48220,9616750
2017-06-28,38229.27344,47700,48000,47560,47600,9572500
2017-06-29,38534.72266,47940,48320,47940,48040,8306550
2017-06-30,38213.20313,47540,47620,47100,47500,11877550
2017-07-03,37955.98047,47220,47780,47120,47500,6805550
2017-07-04,37779.14063,47000,47400,46900,47160,7961000
2017-07-05,38245.33984,47580,47680,46780,46820,10640250
2017-07-06,38631.17188,48060,48100,47720,48000,10923050
2017-07-07,38470.42969,47860,48120,47620,47740,8131900
2017-07-10,39113.45313,48660,48900,48320,48500,10792750
2017-07-11,39386.75781,49000,49000,48280,48640,9717800
2017-07-12,40094.125,49880,50000,48840,49000,9486150
2017-07-13,40640.70703,50560,50940,50040,50080,16034150
2017-07-14,40576.40625,50480,51080,50420,51000,8239000
2017-07-17,40705.01563,50640,51020,50520,50900,8976100
2017-07-18,40865.77734,50840,50880,50360,50420,7084450
2017-07-19,40785.39453,50740,50820,50000,50620,11157500
2017-07-20,41155.15234,51200,51320,50560,50760,8367600
2017-07-21,41058.69531,51080,51160,50520,50860,8449050
2017-07-24,40881.85547,50860,51000,50620,50700,7099750
2017-07-25,40190.57031,50000,50760,49940,50500,10810600
2017-07-26,40061.95703,49840,50020,49300,49600,11224800
2017-07-27,40029.8125,49800,50640,49560,50000,11449500
2017-07-28,38390.04688,47760,49800,47380,49800,26168300
2017-07-31,38743.71875,48200,48240,46920,47420,12701400
2017-08-01,39065.23438,48600,48840,47540,48000,11369500
2017-08-02,39386.75781,49000,49340,48600,49200,7777450
2017-08-03,38406.10938,47780,49000,47120,49000,15540800
2017-08-04,38341.80859,47700,48180,47500,48160,8359200
2017-08-07,38245.33984,47580,48080,47440,47500,7218250
2017-08-08,38357.89453,47720,48260,47480,47980,7979600
2017-08-09,37200.38672,46280,47400,46240,47400,14555400
2017-08-10,36894.94531,45900,46320,45460,46200,22986150
2017-08-11,35866.07422,44620,45300,44220,45120,25407300
2017-08-14,36171.51563,45000,45400,44720,45120,19185600
2017-08-16,37136.07813,46200,46380,46000,46220,21913650
2017-08-17,37811.29688,47040,47300,46740,46960,12415850
2017-08-18,37698.75391,46900,47240,46240,46760,10477950
2017-08-21,37650.51953,46840,47240,46580,47240,5103450
2017-08-22,37779.14063,47000,47160,46700,46820,7381750
2017-08-23,38164.97266,47480,47780,47180,47780,9384700
2017-08-24,38197.12109,47520,47660,47340,47520,8657450
2017-08-25,37795.21484,47020,47880,46720,47880,11243550
2017-08-28,37055.71094,46100,47240,45960,47020,9962100
2017-08-29,37039.63281,46080,46080,45160,45640,12623650
2017-08-30,37136.07813,46200,46400,45960,46380,7513000
2017-08-31,37232.53906,46320,46640,46000,46220,11011700
2017-09-01,37361.16016,46480,46640,46300,46460,10641700
2017-09-04,37007.47656,46040,46360,45500,45780,7943500
2017-09-05,37586.22266,46760,46900,45960,46240,11716100
2017-09-06,37779.14063,47000,47180,46700,46760,10811050
2017-09-07,38679.39844,48120,48220,47000,47000,9676500
2017-09-08,39451.07813,49080,49180,48580,48700,10893000
2017-09-11,40029.8125,49800,50180,49500,49700,10374750
2017-09-12,39869.03906,49600,50220,49140,50200,12029750
2017-09-13,39885.125,49620,50400,49440,49820,9357000
2017-09-14,40431.71484,50300,50320,49760,50060,14204750
2017-09-15,40512.09375,50400,50560,49860,50300,10757300
2017-09-18,42184.01953,52480,52480,50520,50540,11524950
2017-09-19,41894.65234,52120,52640,51780,52500,9850400
2017-09-20,41975.03125,52220,52500,51840,52120,9292750
2017-09-21,42441.24609,52800,52960,52220,52220,8839800
2017-09-25,43100.37109,53620,53680,53000,53000,9303100
2017-09-26,43100.37109,53620,53620,53620,53620,0
2017-09-27,41540.98047,51680,52200,51500,52000,10797000
2017-09-28,41315.29688,51260,52460,51260,52260,12025450
2017-09-29,41331.41797,51280,51620,50840,51180,12909400
2017-10-10,42556.52734,52800,53640,52800,53360,20519800
2017-10-11,44039.55469,54640,54760,53340,53600,13652150
2017-10-12,44168.52344,54800,55160,54100,54840,13890700
2017-10-13,43523.71875,54000,54840,53780,54540,12601650
2017-10-16,43459.24219,53920,54860,53760,53980,9769950
2017-10-17,44168.52344,54800,55380,54000,54020,10607800
2017-10-18,44136.28516,54760,55240,54040,54820,10110750
2017-10-19,42701.60547,52980,54700,52980,54700,12108700
2017-10-20,43394.75781,53840,54100,52800,52800,8027050
2017-10-23,43765.51563,54300,54640,54000,54600,8311050
2017-10-24,43555.96094,54040,54780,54040,54700,5806050
2017-10-25,43443.12891,53900,54420,53700,54040,5882850
2017-10-26,42234.14063,52400,53900,52400,53720,9776550
2017-10-27,42782.20703,53080,53320,52140,52400,7392500
2017-10-30,43555.96094,54040,54320,53700,53780,8196150
2017-10-31,44394.20313,55080,55440,53500,54060,13381550
2017-11-01,46119.03125,57220,57500,56180,57500,14510250
2017-11-02,45990.07031,57060,57520,56760,57500,10721050
2017-11-03,45441.99219,56380,57140,55860,57060,9935800
2017-11-06,45441.99219,56380,56500,55340,56380,9000950
2017-11-07,45216.30469,56100,56920,55860,56380,7464550
2017-11-08,45748.26953,56760,57060,55860,56100,8520200
2017-11-09,45409.74219,56340,56920,55900,56920,11994050
2017-11-10,45458.10938,56400,56540,55780,55800,6748800
2017-11-13,45441.99219,56380,56800,56100,56400,8806650
2017-11-14,45071.23438,55920,56740,55920,56380,6725000
2017-11-15,44603.75,55340,56320,55320,55920,8816950
2017-11-16,44958.39063,55780,56000,55400,55440,7640700
2017-11-17,44990.64063,55820,56880,55820,56400,10733150
2017-11-20,44490.92969,55200,55980,55200,55900,9472750
2017-11-21,44555.39063,55280,55840,55280,55400,10324700
2017-11-22,45103.46484,55960,56200,55620,55980,7952950
2017-11-23,44571.51953,55300,55980,55020,55960,6272900
2017-11-24,44700.48438,55460,55500,55180,55300,4536200
2017-11-27,42427.57422,52640,55360,52640,55360,18128900
2017-11-28,42943.39844,53280,53280,51720,52700,13499400
2017-11-29,42395.33594,52600,53240,52500,53200,9590250
2017-11-30,40944.53125,50800,51860,50200,50800,29634150
2017-12-01,40976.77734,50840,51780,50800,50800,12868600
2017-12-04,41379.76953,51340,51340,50020,50840,14865050
2017-12-05,41315.29688,51260,51300,50280,50600,9326550
2017-12-06,40315.86719,50020,51560,50020,51260,10889200
2017-12-07,40896.16797,50740,50980,50020,50040,11065600
2017-12-08,41911.72656,52000,52000,51040,51360,11290450
2017-12-11,41734.41797,51780,52040,51500,52000,8125850
2017-12-12,41992.33594,52100,52100,51660,51820,8765050
2017-12-13,41363.66406,51320,52100,51100,52100,11333700
2017-12-14,41154.08984,51060,52280,51060,51320,20310400
2017-12-15,40799.46094,50620,51480,50520,51240,14928550
2017-12-18,41266.93359,51200,51240,50620,50620,7350250
2017-12-19,41557.10156,51560,52080,51520,51540,11978600
2017-12-21,39606.58984,49140,51060,49100,51000,15624300
2017-12-22,40057.94141,49700,49960,49240,49400,11199650
2017-12-26,38848.95313,48200,50100,48200,49760,16039850
2017-12-27,40142.01172,49360,49560,48460,48960,10743600
2017-12-28,41443.21094,50960,50960,49500,49560,8985450
2018-01-02,41492.01953,51020,51400,50780,51380,8474250
2018-01-03,41979.95313,51620,52560,51420,52540,10013500
2018-01-04,41540.82031,51080,52180,50640,52120,11695450
2018-01-05,42386.59375,52120,52120,51200,51300,9481150
2018-01-08,42305.26953,52020,52520,51500,52400,8383650
2018-01-09,40987.79688,50400,51720,49980,51460,18013600
2018-01-10,39719.12109,48840,50520,48640,50500,18566800
2018-01-11,39231.17578,48240,49260,48020,48200,25123800
2018-01-12,39198.65625,48200,48480,46760,48240,27270450
2018-01-15,39475.16016,48540,48980,47920,48800,10096000
2018-01-16,40662.5,50000,50140,48620,48760,20389650
2018-01-17,40353.46484,49620,50020,49060,50020,11053050
2018-01-18,40581.17969,49900,50640,49820,50020,14848850
2018-01-19,40109.48438,49320,50380,49040,50380,9219950
2018-01-22,39231.17578,48240,48680,47960,48640,12520900
2018-01-23,39979.35938,49160,49160,48300,48660,13532700
2018-01-24,40125.74219,49340,49700,48560,48860,9550500
2018-01-25,40873.94531,50260,50360,49160,49220,11160350
2018-01-26,41296.83984,50780,50780,49840,50500,10350100
2018-01-29,41654.66406,51220,51480,50900,51200,11838800
2018-01-30,40499.85156,49800,50640,49780,50440,12284550
2018-01-31,40581.17969,49900,54140,49600,50020,64681300
2018-02-01,40516.11328,49820,50960,49720,50620,27609450
2018-02-02,38792.01953,47700,49400,47700,49380,29260350
2018-02-05,38970.9375,47920,48320,46000,46500,28357900
2018-02-06,38564.31641,47420,47920,46580,46600,19406450
2018-02-07,37246.85156,45800,48260,45800,48240,23448050
2018-02-08,37409.49219,46000,46620,45980,46120,23251050
2018-02-09,36352.28125,44700,45180,44420,44440,17465000
2018-02-12,37181.78125,45720,46320,45040,45100,15754950
2018-02-13,38661.91406,47540,48060,46200,46200,18923250
2018-02-14,39849.25,49000,49100,47940,48080,18905900
2018-02-19,39345.03125,48380,49800,47860,49800,15353450
2018-02-20,38548.03906,47400,48160,47220,48040,10122600
2018-02-21,38450.45313,47280,47580,46840,47280,12880200
2018-02-22,38027.56641,46760,47260,46760,47260,8869950
2018-02-23,38401.66016,47220,47800,46760,46760,12423300
2018-02-26,38531.77734,47380,47560,47080,47280,9560650
2018-02-27,38531.77734,47380,48380,47380,48360,9830550
2018-02-28,38271.54297,47060,48100,47000,47380,15162350
2018-03-02,37425.75391,46020,46800,46000,46580,13265500
2018-03-05,36758.89063,45200,46160,45080,45820,14100950
2018-03-06,38239.01563,47020,47100,45820,45920,15423350
2018-03-07,39540.21875,48620,48900,47220,48200,21427050
2018-03-08,40011.89063,49200,49480,48080,49200,19463650
2018-03-09,40451.05859,49740,50540,49240,49440,14304400
2018-03-12,40451.05859,49740,50780,49580,50560,8688950
2018-03-13,42012.48828,51660,51660,50360,50760,20098700
2018-03-14,42093.82422,51760,52000,51000,51020,12713250
2018-03-15,41914.89844,51540,52020,51020,52000,8882450
2018-03-16,41589.60547,51140,51420,50240,51220,12184900
2018-03-19,41264.30859,50740,51340,50440,50620,8218850
2018-03-20,41638.39844,51200,51200,50100,50700,8193250
2018-03-21,41524.55859,51060,51780,51060,51780,8905200
2018-03-22,42110.08203,51780,51780,51040,51060,8454100
2018-03-23,40434.79297,49720,50720,49600,50340,14854950
2018-03-26,40890.19922,50280,50280,49040,49420,10057750
2018-03-27,40646.21875,49980,50460,49080,50320,11874000
2018-03-28,39605.28125,48700,49100,48340,49100,15159450
2018-03-29,40173.80469,49040,49560,48320,48700,10067000
2018-03-30,40321.25781,49220,49900,49080,49080,7777100
2018-04-02,39764.20313,48540,49220,48500,49000,7115650
2018-04-03,39420.13281,48120,48140,47280,47880,12768250
2018-04-04,38437.08984,46920,48260,46920,48160,12384200
2018-04-05,39928.04297,48740,49380,47340,47400,13245600
2018-04-06,39649.50391,48400,48580,47400,48000,12532700
2018-04-09,40304.86719,49200,49440,48200,48260,9950400
2018-04-10,40042.72266,48880,49220,48040,48540,10984350
2018-04-11,40026.34375,48860,49900,48600,49900,10051100
2018-04-12,40141.03516,49000,49440,48880,49440,12466250
2018-04-13,40796.39844,49800,50180,49400,49600,10278300
2018-04-16,41238.76172,50340,50600,49860,50320,7877450
2018-04-17,40943.83984,49980,50540,49820,50240,7772000
2018-04-18,42074.35938,51360,51360,50580,51000,13462600
2018-04-19,43237.62891,52780,52980,51540,52000,17190550
2018-04-20,42287.33984,51620,52260,51420,51800,11761000
2018-04-23,42516.73828,51900,52080,51000,51000,11619000
2018-04-24,41337.07813,50460,51860,50080,51840,15770300
2018-04-25,41287.91797,50400,50500,49220,49220,16614600
2018-04-26,42713.32422,52140,52160,50400,50420,18046550
2018-04-27,43417.84766,53000,53640,52440,53380,30310800
2018-04-30,43417.84766,53000,53000,53000,53000,0
2018-05-02,43417.84766,53000,53000,53000,53000,0
2018-05-03,43417.84766,53000,53000,53000,53000,0
2018-05-04,42516.73828,51900,53900,51800,53000,39565391
2018-05-08,43090.16016,52600,53200,51900,52600,23104720
2018-05-09,41697.51953,50900,52800,50900,52600,16128305
2018-05-10,42270.97266,51600,51700,50600,51700,13905263
2018-05-11,42025.20313,51300,52200,51200,52000,10314997
2018-05-14,41042.16016,50100,51100,49900,51000,14909272
2018-05-15,40304.86719,49200,50400,49100,50200,18709146
2018-05-16,40837.35938,49850,50200,49150,49200,15918683
2018-05-17,40468.71484,49400,50500,49400,50300,10365440
2018-05-18,40550.625,49500,49900,49350,49900,6706570
2018-05-21,40960.23828,50000,50200,49100,49650,9020998
2018-05-23,42434.80469,51800,52000,50400,50600,17095490
2018-05-24,42107.12891,51400,52000,51100,52000,8289275
2018-05-25,43172.09375,52700,52800,50800,51000,15207266
2018-05-28,42844.40625,52300,53000,52000,52500,9787820
2018-05-29,42025.20313,51300,52500,51300,52200,8480437
2018-05-30,40550.625,49500,51500,49100,51300,20498098
2018-05-31,41533.67969,50700,50800,49850,50400,63491109
2018-06-01,42025.20313,51300,51700,49950,50500,13038499
2018-06-04,41861.37109,51100,51200,50700,50800,9767171
2018-06-05,42025.20313,51300,51400,50400,51100,9144100
2018-06-07,41451.75781,50600,51800,50500,51800,13590016
2018-06-08,40673.51953,49650,50400,49600,50200,16951706
2018-06-11,40878.32422,49900,50300,49350,49750,10571312
2018-06-12,40468.71484,49400,49800,49250,49700,12110569
2018-06-14,39485.67578,48200,49000,48200,49000,20971729
2018-06-15,39035.10938,47650,48700,47650,48500,17080892
2018-06-18,38174.9375,46600,47650,46200,47600,16661870
2018-06-19,38502.61719,47000,47350,46500,47200,15217971
2018-06-20,38502.61719,47000,47600,46850,47450,12959316
2018-06-21,38543.58984,47050,47900,47050,47900,10015541
2018-06-22,38707.42188,47250,47250,46200,47000,10298006
2018-06-25,38215.90625,46650,47050,46150,47050,10587711
2018-06-26,38502.61719,47000,47300,45900,45900,11223166
2018-06-27,39280.86328,47950,48500,47000,47450,15274752
2018-06-28,38623.93359,46800,47150,46600,46850,12784800
2018-06-29,38500.14063,46650,47150,46200,46250,14099635
2018-07-02,37592.30469,45550,47150,45500,46500,13112253
2018-07-03,38087.48438,46150,46450,45750,45750,10959655
2018-07-04,38170.01172,46250,47050,46050,46700,8776763
2018-07-05,37922.4375,45950,46550,45600,46100,7039773
2018-07-06,37055.86328,44900,45850,44650,45500,17843706
2018-07-09,37633.57813,45600,46100,45200,45500,11602464
2018-07-10,38211.27734,46300,46550,46100,46200,10528665
2018-07-11,37963.68359,46000,46450,45400,46400,11224077
2018-07-12,37551.04297,45500,46250,45450,45900,11828104
2018-07-13,38376.34375,46500,46500,45750,45800,11543389
2018-07-16,38004.96484,46050,46800,46000,46800,7678719
2018-07-17,37839.90625,45850,46200,45600,46150,8892953
2018-07-18,38417.59766,46550,47200,46450,46700,10952645
2018-07-19,38706.46094,46900,47200,46600,47050,9880128
2018-07-20,39160.375,47450,47600,46700,47000,10474547
2018-07-23,38376.34375,46500,47200,46150,47100,10823782
2018-07-24,38087.48438,46150,46600,45950,46350,8261363
2018-07-25,38087.48438,46150,46550,45900,46250,7222471
2018-07-26,38706.46094,46900,47000,46000,46100,7374946
2018-07-27,38706.46094,46900,47000,46450,46450,4762460
2018-07-30,38376.34375,46500,46800,46350,46550,5723035
2018-07-31,38170.01172,46250,46450,46000,46200,8033607
2018-08-01,38417.59766,46550,46850,46050,46050,7484499
2018-08-02,37592.30469,45550,46800,45500,46550,8560924
2018-08-03,37757.37109,45750,45900,45450,45850,8274944
2018-08-06,37798.625,45800,46150,45750,46150,6771979
2018-08-07,38541.40234,46700,46750,45900,46300,9058174
2018-08-08,38623.93359,46800,47000,46550,47000,6429338
2018-08-09,38706.46094,46900,47050,46450,47000,12010886
2018-08-10,37468.51953,45400,46400,44850,46150,16670643
2018-08-13,37179.66016,45050,45100,44650,44950,9803831
2018-08-14,37262.19531,45150,45400,44850,44850,6409259
2018-08-16,36519.41797,44250,44650,43700,43800,10088229
2018-08-17,36395.61719,44100,44400,44050,44050,6808747
2018-08-20,36189.30859,43850,44200,43500,43500,7289124
2018-08-21,36973.32422,44800,44900,43700,43700,9520270
2018-08-22,38046.22656,46100,46200,44900,45150,11641656
2018-08-23,38128.75391,46200,46200,45700,46150,6730918
2018-08-24,38087.48438,46150,46400,45550,45900,6582535
2018-08-27,38211.27734,46300,46550,46000,46100,5263782
2018-08-28,38417.59766,46550,46950,46300,46800,7365976
2018-08-29,38623.93359,46800,46800,46400,46750,5572374
2018-08-30,39325.43359,47650,47950,46700,46950,12193231
2018-08-31,39985.67188,48450,48450,47000,47100,13577454
2018-09-03,39160.375,47450,48300,47300,48200,8595084
2018-09-04,39325.43359,47650,47800,47200,47550,6791255
2018-09-05,38458.87109,46600,47450,46400,47300,9139998
2018-09-06,38046.22656,46100,46400,45800,46200,9040553
2018-09-07,37055.86328,44900,45200,44400,44500,18285508
2018-09-10,37551.04297,45500,45550,45000,45450,9979838
2018-09-11,37179.66016,45050,45900,45050,45550,9865790
2018-09-12,36767,44550,45100,44500,44900,12995269
2018-09-13,36354.37109,44050,44750,44000,44550,18277942
2018-09-14,37839.90625,45850,45850,44900,45000,12446344
2018-09-17,37262.19531,45150,45800,44900,45550,8123384
2018-09-18,37551.04297,45500,45900,44700,44950,9987090
2018-09-19,38087.48438,46150,46200,45700,46000,9367454
2018-09-20,38995.31641,47250,47600,46400,46850,13536966
2018-09-21,39119.11328,47400,47550,46550,46550,14476906
2018-09-27,39496.62109,47500,47500,46450,46950,15804586
2018-09-28,38623.53906,46450,47250,46300,47250,11270515
2018-10-01,38540.37891,46350,46800,45800,46450,6354983
2018-10-02,37999.90625,45700,46700,45700,46450,6607188
2018-10-04,37168.38281,44700,45600,44700,45150,11865327
2018-10-05,37168.38281,44700,45500,44550,44800,10544165
2018-10-08,37376.27344,44950,45200,44200,44200,6759464
2018-10-10,37667.28906,45300,45500,44500,45250,10341349
2018-10-11,35837.96484,43100,44650,43100,44000,19324537
2018-10-12,36586.33203,44000,44650,43200,43200,12640906
2018-10-15,36420.03516,43800,44050,43350,44050,7434522
2018-10-16,36253.73438,43600,44150,43350,43700,6825677
2018-10-17,36711.06641,44150,44500,44000,44150,8306193
2018-10-18,36627.91406,44050,44450,43700,43950,8347725
2018-10-19,36503.17969,43900,44150,43450,43900,7842520
2018-10-22,36212.15625,43550,43950,43200,43450,8357648
2018-10-23,35796.41406,43050,43450,42550,43300,9531231
2018-10-24,35380.65625,42550,43100,42250,43050,13522825
2018-10-25,34091.8125,41000,41550,40550,40600,19338170
2018-10-26,34091.8125,41000,41300,40400,41100,14413864
2018-10-29,34424.41016,41400,41950,40550,40850,14460521
2018-10-30,35214.35156,42350,43000,41000,41400,14205190
2018-10-31,35255.92578,42400,43350,41700,42900,17621480
2018-11-01,35048.04688,42150,42950,42150,42450,13423132
2018-11-02,36711.06641,44150,44250,42800,43050,16517112
2018-11-05,36420.03516,43800,43800,42900,43750,9426777
2018-11-06,36378.46484,43750,43800,42950,43750,7713625
2018-11-07,36586.33203,44000,44500,43400,43600,11553998
2018-11-08,36627.91406,44050,45050,44050,44900,12617397
2018-11-09,36835.79297,44300,44850,43900,44450,7318500
2018-11-12,37584.13672,45200,45250,43700,43850,8552566
2018-11-13,37002.08594,44500,44500,43400,43900,9311126
2018-11-14,36669.47656,44100,44500,43800,44500,6783344
2018-11-15,36794.21094,44250,44350,43500,44050,5864067
2018-11-16,36586.33203,44000,44750,43700,44600,7777124
2018-11-19,36295.31641,43650,44250,43450,44050,7538720
2018-11-20,35588.53125,42800,43000,42100,42450,9420664
2018-11-21,35006.47656,42100,42300,41800,41800,10769589
2018-11-22,35297.49609,42450,42650,42000,42000,5970796
2018-11-23,35255.92578,42400,42600,41900,42450,5192638
2018-11-26,35422.23047,42600,42800,42100,42150,6613009
2018-11-27,35796.41406,43050,43100,42500,42900,8367091
2018-11-28,35879.55859,43150,43200,42750,42800,6943099
2018-11-29,35879.55859,43150,43850,42900,43850,8473511
2018-11-30,34798.58594,41850,44000,41750,43450,19775519
2018-12-03,35962.70703,43250,43400,42400,42750,12110702
2018-12-04,35048.04688,42150,42900,41900,42650,14347746
2018-12-05,34465.99219,41450,41750,40850,40900,12631983
2018-12-06,33676.0625,40500,41100,40450,40600,14251826
2018-12-07,34050.23438,40950,41400,40850,40900,11433083
2018-12-10,33426.60547,40200,40650,40000,40450,14892263
2018-12-11,33468.18359,40250,40700,40200,40600,10638766
2018-12-12,33634.48438,40450,40700,40150,40250,12024279
2018-12-13,33260.29688,40000,40750,40000,40650,26254646
2018-12-14,32387.22656,38950,40200,38700,40200,19671783
2018-12-17,32553.52539,39150,39600,38650,38650,11532968
2018-12-18,32345.64063,38900,39200,38300,38300,11042101
2018-12-19,32511.94727,39100,39350,38850,38900,9942037
2018-12-20,32137.77344,38650,39100,38500,38600,11937617
2018-12-21,32137.77344,38650,38650,38100,38200,14947080
2018-12-24,32262.5,38800,39050,38300,38500,9729530
2018-12-26,31888.32813,38350,38750,38300,38400,12707675
2018-12-27,32101.48438,38250,38800,38100,38700,10510643
2018-12-28,32479.14453,38700,38900,38200,38250,9900267
2019-01-02,32521.11719,38750,39400,38550,39400,7847664
2019-01-03,31555.9668,37600,38550,37450,38300,12471493
2019-01-04,31430.08398,37450,37600,36850,37450,14108958
2019-01-07,32521.11719,38750,38900,37800,38000,12748997
2019-01-08,31975.59766,38100,39200,37950,38000,12756554
2019-01-09,33234.47656,39600,39600,38300,38650,17452708
2019-01-10,33402.32422,39800,40150,39600,40000,14731699
2019-01-11,33989.81641,40500,40550,39950,40350,11661063
2019-01-14,33612.14453,40050,40700,39850,40450,11984996
2019-01-15,34493.37109,41100,41100,39850,40050,11492756
2019-01-16,34787.10156,41450,41450,40700,41150,8491595
2019-01-17,35206.74609,41950,42100,41450,41700,11736903
2019-01-18,35500.47266,42300,42400,41950,42000,11029256
2019-01-21,35878.14453,42750,42750,41900,42700,11355701
2019-01-22,35374.58203,42150,42850,41850,42750,9964356
2019-01-23,35248.6875,42000,42250,41350,41350,11071079
2019-01-24,36129.91797,43050,43100,42350,43050,14747623
2019-01-25,37556.64844,44750,44750,43750,44300,22789395
2019-01-28,37808.42188,45050,45500,44600,45000,17998914
2019-01-29,38186.09375,45500,45500,44350,45050,16215017
2019-01-30,38941.42578,46400,46400,44800,44800,17505980
2019-01-31,38731.59766,46150,47050,46150,46650,21621145
2019-02-01,38899.45703,46350,46950,46250,46650,13832454
2019-02-07,38773.56641,46200,47100,46200,46800,15872001
2019-02-08,37598.60156,44800,45700,44650,45700,12689196
2019-02-11,37766.46094,45000,45000,44250,44500,11125044
2019-02-12,38647.67578,46050,46250,44650,44650,13184367
2019-02-13,38773.56641,46200,46700,46000,46400,11299738
2019-02-14,39864.61328,47500,47500,46150,46600,17259341
2019-02-15,38647.67578,46050,46850,45650,46750,10554643
2019-02-18,38773.56641,46200,46850,45850,46500,8183728
2019-02-19,38563.75781,45950,46150,45450,45850,6741395
2019-02-20,39361.05078,46900,47100,46500,46750,11506720
2019-02-21,39403.00781,46950,47200,46200,46500,8694009
2019-02-22,39570.85547,47150,47150,46450,46500,6895772
2019-02-25,39738.70703,47350,47550,47050,47400,7484716
2019-02-26,39235.15234,46750,47450,46500,47350,7985547
2019-02-27,39235.15234,46750,47250,46750,47000,8045211
2019-02-28,37850.38281,45100,46500,45100,46400,23569321
2019-03-04,37640.57031,44850,46100,44800,46000,12926539
2019-03-05,37137.01953,44250,45100,44150,44600,10612405
2019-03-06,36927.19141,44000,44300,43700,44000,10202544
2019-03-07,37304.87109,44450,44950,43400,43400,11049749
2019-03-08,36759.34766,43800,44800,43800,44450,7729069
2019-03-11,36633.46484,43650,44450,43650,44400,10717408
2019-03-12,37472.71875,44650,44950,44150,44300,11431977
2019-03-13,36801.3125,43850,44450,43700,44250,8108343
2019-03-14,36801.3125,43850,44300,43550,43700,18039161
2019-03-15,37095.05859,44200,44250,43700,43800,16814163
2019-03-18,36675.42969,43700,44150,43450,43950,8188876
2019-03-19,36843.26953,43900,43900,43550,43750,7609563
2019-03-20,36969.17188,44050,44200,43100,43800,9846242
2019-03-21,38479.82813,45850,46250,44050,44600,21138016
2019-03-22,39067.30078,46550,47000,46250,46850,12535911
2019-03-25,38186.09375,45500,45650,44800,45300,8699728
2019-03-26,37976.26953,45250,45700,44900,45500,9729811
2019-03-27,38060.18359,45350,45600,44250,44750,9568081
2019-03-28,37936.69922,44850,45200,44300,44950,6821306
2019-03-29,37767.53516,44650,44900,44200,44500,11491713
2019-04-01,38105.87109,45050,45450,44850,45200,7362129
2019-04-02,38697.96484,45750,46100,45350,45550,9480688
2019-04-03,39416.95313,46600,46750,45800,46750,12436570
2019-04-04,39713.00781,46950,47100,46150,46150,12650168
2019-04-05,39628.41406,46850,47550,46600,46950,8546339
2019-04-08,39459.24609,46650,47250,46150,47250,8507909
2019-04-09,39459.24609,46650,46950,46200,46700,6878761
2019-04-10,39501.53125,46700,46700,46050,46400,11883995
2019-04-11,39120.89844,46250,46800,46150,46700,13697399
2019-04-12,39628.41406,46850,46900,46000,46050,7668936
2019-04-15,39797.58203,47050,47500,47000,47150,8733019
2019-04-16,39966.75391,47250,47400,46800,47400,7730881
2019-04-17,39797.58203,47050,47600,47000,47300,5513658
2019-04-18,38571.09375,45600,47250,45500,47200,12808747
2019-04-19,38317.33984,45300,46000,45250,45750,8479710
2019-04-22,38359.63672,45350,45900,45100,45400,6006957
2019-04-23,38232.75391,45200,45500,45000,45050,6920566
2019-04-24,37852.12109,44750,45650,44150,45400,13299267
2019-04-25,37767.53516,44650,45000,44100,44250,10868965
2019-04-26,37936.69922,44850,45000,43800,44200,9739982
2019-04-29,39036.31641,46150,46150,45100,45150,8777517
2019-04-30,38782.5625,45850,46300,45350,46000,11121273
2019-05-02,38824.85156,45900,46150,45400,45500,8625126
2019-05-03,38317.33984,45300,46050,45300,45900,6562916
2019-05-07,37936.69922,44850,45300,44400,45250,12014907
2019-05-08,37429.1875,44250,44850,44200,44300,10398754
2019-05-09,35906.64063,42450,44250,42450,43900,23029718
2019-05-10,36287.27344,42900,43450,42450,42600,14579512
2019-05-13,36075.82031,42650,43200,42350,42500,7635079
2019-05-14,36075.82031,42650,43100,41300,41300,11563730
2019-05-15,35991.23047,42550,43050,42550,42700,7670185
2019-05-16,35145.375,41550,42400,41350,42350,13687828
2019-05-17,34849.32422,41200,42050,40850,41950,13357951
2019-05-20,35526,42000,42100,41550,41650,15752397
2019-05-21,36498.74609,43150,43950,42350,42600,18812133
2019-05-22,36794.79688,43500,43800,42400,43700,11033339
2019-05-23,37090.85156,43850,44000,43250,43900,12259006
2019-05-24,36118.10938,42700,43800,42400,43800,13966305
2019-05-27,36075.82031,42650,43000,42350,42500,8066669
2019-05-28,35991.23047,42550,42950,42150,42550,24506881
2019-05-29,35356.83203,41800,42100,41300,41850,14930618
2019-05-30,35991.23047,42550,42700,42150,42200,11766018
2019-05-31,35948.93359,42500,42800,42150,42600,11365999
2019-06-03,37048.53516,43800,43900,42500,42950,15466580
2019-06-04,36752.50391,43450,43700,43000,43400,9913497
2019-06-05,37133.12891,43900,44200,43700,44050,12464135
2019-06-07,37386.89844,44200,44350,43450,43600,11683682
2019-06-10,37894.40625,44800,44850,44050,44300,8792182
2019-06-11,37936.69922,44850,45000,44550,44800,6664872
2019-06-12,37725.23828,44600,45050,44300,44800,8607439
2019-06-13,37006.25781,43750,44400,43400,44200,16906541
2019-06-14,37217.71875,44000,44150,43300,43750,9322873
2019-06-17,37133.12891,43900,44050,43400,43750,11890424
2019-06-18,37513.77344,44350,44500,43650,43750,7994928
2019-06-19,38359.63672,45350,45450,45000,45450,10417690
2019-06-20,38486.51172,45500,45500,44850,44850,7147785
2019-06-21,38655.67969,45700,45800,45200,45750,9454913
2019-06-24,38486.51172,45500,45800,45200,45200,6085066
2019-06-25,38571.09375,45600,45800,45200,45200,7076774
2019-06-26,38655.67969,45700,46000,45600,45800,9226097
2019-06-27,39639.41797,46500,46600,45750,46000,12603534
2019-06-28,40065.64844,47000,47000,46700,47000,12949231
2019-07-01,39724.66016,46600,47400,46250,47350,11383522
2019-07-02,39426.30859,46250,46900,45850,46200,8463073
2019-07-03,38701.71484,45400,46350,45200,45750,9669368
2019-07-04,39213.19141,46000,46200,45250,45250,6365573
2019-07-05,38914.82813,45650,45950,45250,45950,7235395
2019-07-08,37849.25391,44400,44800,44350,44750,7823843
2019-07-09,38445.97266,45100,45450,44700,44850,7646421
2019-07-10,38829.57813,45550,46150,45500,45550,9253930
2019-07-11,39383.67969,46200,46550,46150,46350,10989751
2019-07-12,39468.92578,46300,46400,45800,46350,5245804
2019-07-15,39596.79297,46450,46650,45750,45950,4717226
2019-07-16,39937.78516,46850,46850,46300,46450,7407824
2019-07-17,39255.81641,46050,46350,45950,46150,5216602
2019-07-18,39298.4375,46100,46450,45650,46450,5143554
2019-07-19,39895.15625,46800,46950,46600,46650,8819393
2019-07-22,40236.13281,47200,47300,46600,46800,9009109
2019-07-23,40321.38281,47300,47550,47050,47350,9061381
2019-07-24,39554.17969,46400,47150,46250,47100,8756522
2019-07-25,40236.13281,47200,47200,46600,47150,8408838
2019-07-26,40193.50781,47150,47150,46550,46650,7873886
2019-07-29,39298.4375,46100,47050,46000,46800,6856846
2019-07-30,39682.03125,46550,46850,46300,46300,5551014
2019-07-31,38659.08984,45350,46600,45000,46200,12872916
2019-08-01,38531.21875,45200,45500,44850,44900,7811181
2019-08-02,38318.10547,44950,45500,44300,44550,12151374
2019-08-05,37465.64844,43950,44600,43600,44350,14214086
2019-08-06,37082.03906,43500,43800,42500,42500,15083824
2019-08-07,36826.30469,43200,43900,43100,43600,10002533
2019-08-08,36357.44531,42650,43500,42650,43250,16926881
2019-08-09,36783.66797,43150,43350,43050,43250,9685147
2019-08-12,37252.52734,43700,44000,43550,44000,8466169
2019-08-13,36655.80859,43000,43500,42950,43500,7276979
2019-08-14,37252.52734,43700,44250,43500,43900,8750135
2019-08-16,37423.02344,43900,43900,43300,43800,9528115
2019-08-19,37167.28516,43600,44350,43500,44350,6014218
2019-08-20,37891.87891,44450,44600,43550,43950,8434205
2019-08-21,37934.50391,44500,44800,44150,44350,6571717
2019-08-22,37550.89063,44050,44700,43850,44500,8061177
2019-08-23,37465.64844,43950,44200,43650,43800,5017381
2019-08-26,37167.28516,43600,43800,42950,43050,7954949
2019-08-27,37550.89063,44050,44200,43600,43650,16883932
2019-08-28,37636.13672,44150,44400,43750,44100,5758333
2019-08-29,36996.78906,43400,44200,43050,44200,10768862
2019-08-30,37508.27344,44000,44300,43750,43750,9899073
2019-09-02,37337.78906,43800,44850,43650,44850,7185537
2019-09-03,36868.92578,43250,43650,43100,43550,9774941
2019-09-04,37593.51563,44100,44100,43150,43250,12441837
2019-09-05,38957.44922,45700,46100,44450,44800,18297430
2019-09-06,39468.92578,46300,46500,45850,46500,9896562
2019-09-09,39980.40234,46900,47000,46300,46450,9434157
2019-09-10,40065.64844,47000,47200,46550,47100,9231792
2019-09-11,40193.50781,47150,47400,46800,47300,16141619
2019-09-16,40150.89063,47100,47100,46400,47000,15550926
2019-09-17,39980.40234,46900,47100,46800,47000,7006280
2019-09-18,40662.37109,47700,47700,46800,46900,10413027
2019-09-19,41898.43359,49150,49200,47850,48050,16461413
2019-09-20,41941.05859,49200,49600,49100,49400,15460210
2019-09-23,42026.3125,49300,49300,49000,49250,7568553
2019-09-24,42196.79688,49500,49650,48850,49050,7871955
2019-09-25,41685.32422,48900,49350,48800,49200,9187141
2019-09-26,41941.05859,49200,49250,48900,49000,8494756
2019-09-27,41558.11328,48400,48700,48000,48000,8048041
2019-09-30,42116.22656,49050,49250,47900,48050,9497119
2019-10-01,41944.49609,48850,49100,48650,48900,6206035
2019-10-02,40871.20313,47600,48400,47600,48350,8382463
2019-10-04,41214.65625,48000,48650,47350,47400,9331695
2019-10-07,40999.99609,47750,48700,47650,48350,7047273
2019-10-08,41987.43359,48900,49000,47600,47900,14239367
2019-10-10,41686.90625,48550,49200,48000,48200,18639855
2019-10-11,42202.08594,49150,49450,48800,49000,7783275
2019-10-14,42931.93359,50000,50300,49850,50000,11130635
2019-10-15,43017.80859,50100,50200,49900,49900,6058105
2019-10-16,43532.97266,50700,50900,50400,50700,9136282
2019-10-17,43361.24609,50500,50600,50100,50500,6701380
2019-10-18,42846.06641,49900,50900,49650,50300,8483106
2019-10-21,43189.51953,50300,50400,49800,49900,4406531
2019-10-22,43962.30078,51200,51500,50700,50800,10898729
2019-10-23,43962.30078,51200,51500,50800,51300,8663880
2019-10-24,43532.97266,50700,52500,50500,52500,21185785
2019-10-25,43704.70703,50900,51200,50500,50800,7879897
2019-10-28,44048.15625,51300,51500,50700,50700,6431522
2019-10-29,43876.43359,51100,51700,50800,51400,7581629
2019-10-30,43275.39063,50400,50800,50200,50700,8959435
2019-10-31,43275.39063,50400,51400,50300,51000,10304777
2019-11-01,43962.30078,51200,51200,50400,50600,8467846
2019-11-04,44906.80078,52300,52300,51400,51700,13012411
2019-11-05,45250.25391,52700,52700,52100,52400,10581034
2019-11-06,45765.4375,53300,53500,52700,52900,14361133
2019-11-07,45421.97656,52900,53400,52400,53400,9257116
2019-11-08,44735.08203,52100,53300,52000,53200,11603290
2019-11-11,44305.75781,51600,52200,51400,52200,8185952
2019-11-12,45164.39453,52600,52600,51600,51800,6576148
2019-11-13,45078.53125,52500,52500,52000,52500,6225196
2019-11-14,45336.12109,52800,52800,51900,51900,12010018
2019-11-15,46108.89063,53700,53700,52600,52900,9703360
2019-11-18,45937.16406,53500,53800,53200,53600,7746554
2019-11-19,45937.16406,53500,53500,52700,53200,8907177
2019-11-20,44649.20703,52000,53400,52000,53400,12560070
2019-11-21,43790.56641,51000,52100,50600,51600,14298646
2019-11-22,44305.75781,51600,51600,50900,51000,8478310
2019-11-25,44477.48047,51800,52600,51700,52200,9050625
2019-11-26,44477.48047,51800,52900,51800,51900,27372226
2019-11-27,44820.94141,52200,52300,51600,51800,7546261
2019-11-28,44048.15625,51300,52100,51300,51900,6833885
2019-11-29,43189.51953,50300,51400,50200,51200,11179334
2019-12-02,43275.39063,50400,51300,50400,50900,18877252
2019-12-03,42846.06641,49900,50300,49500,49800,12059812
2019-12-04,42459.68359,49450,49850,49000,49600,13246549
2019-12-05,42502.60547,49500,50400,49500,50200,10449715
2019-12-06,43275.39063,50400,50900,49950,50100,11414563
2019-12-09,43962.30078,51200,51400,50700,50900,8470627
2019-12-10,44219.89453,51500,51600,50700,51000,6882771
2019-12-11,44563.34375,51900,52200,51400,51500,11379521
2019-12-12,45765.4375,53300,53300,52700,53000,29178697
2019-12-13,46967.52344,54700,54800,53900,54500,18120261
2019-12-16,46967.52344,54700,54900,54300,54500,11512405
2019-12-17,48684.81641,56700,56700,55400,55800,19358433
2019-12-18,48341.36719,56300,57200,56000,56700,15558208
2019-12-19,48083.76953,56000,57300,55500,57000,14180520
2019-12-20,48083.76953,56000,56500,55600,56100,12095519
2019-12-23,47654.44922,55500,56400,55100,56100,9839252
2019-12-24,47225.12109,55000,55700,54800,55600,11868463
2019-12-26,47568.58594,55400,55400,54400,54700,9645034
2019-12-27,48825.07422,56500,56900,55500,55700,12313056
2019-12-30,48220.16016,55800,56600,55700,56200,8356767
2020-01-02,47701.66797,55200,56000,55000,55500,12993228
2020-01-03,47960.91406,55500,56600,54900,56000,15422255
2020-01-06,47960.91406,55500,55600,54600,54900,10278951
2020-01-07,48220.16016,55800,56400,55600,55700,10009778
2020-01-08,49084.32813,56800,57400,55900,56200,23501171
2020-01-09,50639.80078,58600,58600,57400,58400,24102579
2020-01-10,51417.55078,59500,59700,58300,58800,16000170
2020-01-13,51849.63281,60000,60000,59100,59600,11359139
2020-01-14,51849.63281,60000,61000,59900,60400,16906295
2020-01-15,50985.47656,59000,59600,58900,59500,14300928
2020-01-16,52454.54688,60700,60700,59000,59100,14381774
2020-01-17,52973.03516,61300,62000,61000,61900,16025661
2020-01-20,53923.62109,62400,62800,61700,62000,12528855
2020-01-21,53059.46484,61400,62400,61200,62000,11142693
2020-01-22,53837.20313,62300,62600,60400,60500,15339565
2020-01-23,52540.96484,60800,61800,60700,61800,14916555
2020-01-28,50812.64453,58800,59400,58300,59400,23664541
2020-01-29,51071.89453,59100,59700,58800,59100,16446102
2020-01-30,49429.98438,57200,58800,56800,58800,20821939
2020-01-31,48738.66016,56400,58400,56400,57800,19749457
2020-02-03,49429.98438,57200,57400,55200,55500,23995260
2020-02-04,50899.0625,58900,59000,56800,57100,21800192
2020-02-05,51417.55078,59500,60200,58900,60000,19278165
2020-02-06,52800.21875,61100,61100,59700,60100,14727159
2020-02-07,52195.30078,60400,61200,59700,61100,16402493
2020-02-10,51590.38672,59700,59800,59100,59200,13107121
2020-02-11,51763.22266,59900,60700,59700,59800,11071231
2020-02-12,52281.71484,60500,60700,59700,60300,12904207
2020-02-13,52454.54688,60700,61600,60500,61200,18449775
2020-02-14,53405.12109,61800,61900,60200,60900,13276067
2020-02-17,53145.875,61500,62000,61200,61600,8740596
2020-02-18,51676.79688,59800,60900,59700,60800,16674266
2020-02-19,52022.46875,60200,60400,59400,59800,12951496
2020-02-20,51849.63281,60000,61300,59600,60700,14591924
2020-02-21,51158.29688,59200,59800,58500,58800,13777393
2020-02-24,49084.32813,56800,58100,56800,57400,25627537
2020-02-25,50034.90234,57900,58000,56200,56200,23885408
2020-02-26,48825.07422,56500,57000,56000,56000,25483102
2020-02-27,48306.57031,55900,56900,55500,56300,23209541
2020-02-28,46837.5,54200,55500,54200,55000,30054227
2020-03-02,47528.82422,55000,55500,53600,54300,30403412
2020-03-03,47874.50391,55400,56900,55100,56700,30330295
2020-03-04,49602.82422,57400,57600,54600,54800,24765728
2020-03-05,49948.48438,57800,58000,56700,57600,21698990
2020-03-06,48825.07422,56500,57200,56200,56500,18716656
2020-03-09,48825.07422,56500,56500,56500,56500,0
2020-03-10,47183.16797,54600,54900,53700,53800,32106554
2020-03-11,45022.76953,52100,54400,52000,54300,45707281
2020-03-12,45022.76953,52100,52100,52100,52100,0
2020-03-13,43164.82422,49950,51600,46850,47450,59462933
2020-03-16,42257.45703,48900,50900,48800,50100,33339821
2020-03-17,40874.78516,47300,49650,46700,46900,51218151
2020-03-18,39405.72266,45600,48350,45600,47750,40152623
2020-03-19,37115.69531,42950,46650,42300,46400,56925513
2020-03-20,39232.88672,45400,45500,43550,44150,49730008
2020-03-23,36726.82422,42500,43550,42400,42600,41701626
2020-03-24,40572.32813,46950,46950,43050,43850,49801908
2020-03-25,42041.41016,48650,49600,47150,48950,52735922
2020-03-26,41306.87891,47800,49300,47700,49000,42185129
2020-03-27,41738.94922,48300,49700,46850,49600,39896178
2020-03-30,41655.38281,47850,48350,46550,47050,26797395
2020-03-31,41568.32422,47750,48500,47150,48000,30654261
2020-04-01,39870.76953,45800,47900,45800,47450,27259532
2020-04-02,40741.32031,46800,46850,45350,46200,21621076
2020-04-03,40915.42188,47000,47600,46550,47400,22784682
2020-04-06,42395.34766,48700,48800,47250,47500,23395726
2020-04-07,43178.83594,49600,50200,49000,49650,31524034
2020-04-08,42308.29297,48600,49750,48600,49600,25010314
2020-04-09,42743.55859,49100,49800,48700,49750,22628058
2020-04-10,42874.14063,49250,49250,48650,48950,17839111
2020-04-13,42047.12891,48300,48900,48300,48650,14431800
2020-04-14,42656.50781,49000,49200,48300,48800,14206216
2020-04-16,42656.50781,49000,49350,48550,49350,23349760
2020-04-17,44745.80859,51400,52000,50300,50800,32041675
2020-04-20,43614.10938,50100,51400,50000,51400,21866354
2020-04-21,42874.14063,49250,49700,48700,49400,27407543
2020-04-22,43396.46484,49850,50000,48350,48700,18613864
2020-04-23,43396.46484,49850,50300,49500,50200,18754442
2020-04-24,42961.19922,49350,49750,49000,49650,15618347
2020-04-27,43396.46484,49850,50000,49100,49350,14049471
2020-04-28,43614.10938,50100,50100,49300,49850,16095399
2020-04-29,43527.04297,50000,50500,49600,49900,15604533
2020-05-04,42221.23438,48500,49100,48500,48900,26083749
2020-05-06,42830.60938,49200,49200,48500,49000,18070225
2020-05-07,42482.39844,48800,49300,48700,49200,13884411
2020-05-08,42482.39844,48800,49350,48800,49100,15319700
2020-05-11,42134.17578,48400,49250,48300,48900,16357743
2020-05-12,41698.90625,47900,48500,47550,48400,23433590
2020-05-13,42264.76172,48550,48550,47200,47250,20223277
2020-05-14,41785.97656,48000,48100,47650,47750,19305974
2020-05-15,41655.38281,47850,48450,47700,48400,18463118
2020-05-18,42482.39844,48800,49100,47600,47950,20481981
2020-05-19,43788.21484,50300,50500,49700,50100,25168295
2020-05-20,43527.04297,50000,50200,49800,50000,14896899
2020-05-21,43483.52344,49950,50400,49850,50300,14949266
2020-05-22,42438.86328,48750,49800,48600,49600,19706284
2020-05-25,42525.91016,48850,48900,48450,48750,14337913
2020-05-26,42874.14063,49250,49450,48600,48700,15127490
2020-05-27,43439.99219,49900,50000,48800,48950,19548479
2020-05-28,43875.25781,50400,51200,49900,51100,31309318
2020-05-29,44136.41406,50700,50700,49700,50000,27596961
2020-06-01,44571.69531,51200,51200,50600,50800,16949183
2020-06-02,44745.80859,51400,51500,50800,51000,14247933
2020-06-03,47444.48438,54500,55000,51700,51800,49257814
2020-06-04,47531.53516,54600,57000,54600,55800,40220334
2020-06-05,48315.01953,55500,55900,54000,54400,22743629
2020-06-08,47792.6875,54900,56500,54700,56400,25634965
2020-06-09,48315.01953,55500,56500,54400,55800,23998831
2020-06-10,48227.96484,55400,55900,54900,55100,16742493
2020-06-11,47270.36719,54300,55100,53200,54500,33815123
2020-06-12,45529.28516,52300,52800,51500,52100,26976019
2020-06-15,43439.99219,49900,52000,49900,51400,28772921
2020-06-16,45355.1875,52100,52100,50600,51200,21808375
2020-06-17,45442.24609,52200,52900,51300,52100,26672595
2020-06-18,45529.28516,52300,52300,51600,52200,15982926
2020-06-19,46051.61328,52900,52900,51600,52600,18157985
2020-06-22,45268.12891,52000,52600,51800,52000,13801350
2020-06-23,44745.80859,51400,52800,51100,52500,18086152
2020-06-24,46051.61328,52900,53900,51600,51900,24519552
2020-06-25,45181.07813,51900,53000,51900,52100,18541624
2020-06-26,46399.83203,53300,53900,52200,52800,21575360
2020-06-29,45921.33984,52400,53200,52000,52500,17776925
2020-06-30,46271.88672,52800,53900,52800,53900,21157172
2020-07-01,46096.60938,52600,53600,52400,53400,16706143
2020-07-02,46359.52344,52900,52900,52100,52100,14142583
2020-07-03,46972.96484,53600,53600,52700,53000,11887868
2020-07-06,48199.875,55000,55000,53800,54000,19856623
2020-07-07,46797.69141,53400,55900,53400,55800,30760032
2020-07-08,46447.15625,53000,53900,52900,53600,19664652
2020-07-09,46271.88672,52800,53600,52800,53200,17054850
2020-07-10,46184.25,52700,53200,52300,53100,13714746
2020-07-13,46797.69141,53400,53800,53100,53300,12240188
2020-07-14,47148.24219,53800,53800,53200,53700,14269484
2020-07-15,47936.96094,54700,55000,54300,54400,24051450
2020-07-16,47148.24219,53800,54800,53800,54800,16779127
2020-07-17,47674.05859,54400,54700,54100,54200,10096174
2020-07-20,47498.78516,54200,54800,54000,54800,10507530
2020-07-21,48462.78516,55300,55400,54800,55200,18297260
2020-07-22,47936.96094,54700,55500,54700,55300,12885057
2020-07-23,47411.15234,54100,54700,53800,54700,16214932
2020-07-24,47498.78516,54200,54400,53700,54000,10994535
2020-07-27,48725.6875,55600,55700,54300,54300,21054421
2020-07-28,51354.76563,58600,58800,56400,57000,48431566
2020-07-29,51705.33203,59000,60400,58600,60300,36476611
2020-07-30,51705.33203,59000,60100,59000,59700,19285354
2020-07-31,50741.33203,57900,59600,57700,59500,21943345
2020-08-03,49777.32422,56800,57900,56700,57800,21158940
2020-08-04,50215.51563,57300,58100,57000,57200,19419694
2020-08-05,49864.95703,56900,57500,56300,57300,17739706
2020-08-06,50828.96094,58000,58400,57100,57100,21625874
2020-08-07,50390.78516,57500,58400,57100,57900,18751717
2020-08-10,50653.6875,57800,58300,57500,57600,17774291
2020-08-11,51004.23438,58200,59500,57800,58000,24907912
2020-08-12,51705.33203,59000,59000,57700,58200,18573934
2020-08-13,51442.41406,58700,59600,58000,59400,22089460
2020-08-14,50828.96094,58000,58400,57700,58000,15672548
2020-08-18,51179.51172,58400,59900,58000,58900,25307825
2020-08-19,50653.6875,57800,59200,57800,59000,16930719
2020-08-20,48550.41797,55400,57600,55300,57600,30386029
2020-08-21,48988.60156,55900,56900,55800,56200,21142288
2020-08-24,49163.87891,56100,56600,55400,55800,15055896
2020-08-25,49426.78906,56400,56800,56100,56400,14021705
2020-08-26,49426.78906,56400,56500,55700,56400,17651593
2020-08-27,48725.6875,55600,56300,55600,56300,16196568
2020-08-28,48550.41797,55400,56300,55400,56100,14619888
2020-08-31,47323.50781,54000,56100,54000,56000,32671367
2020-09-01,47498.78516,54200,54800,54100,54100,19363117
2020-09-02,47674.05859,54400,55100,54100,54600,16905723
2020-09-03,49426.78906,56400,56700,55500,55600,28384920
2020-09-04,48725.6875,55600,55800,55100,55200,22139109
2020-09-07,49514.41016,56500,57300,55800,56100,18685880
2020-09-08,51442.41406,58700,58700,57200,57400,31517520
2020-09-09,51179.51172,58400,59300,57800,58200,30597399
2020-09-10,51880.58984,59200,60000,59100,59900,29923293
2020-09-11,51705.33203,59000,59400,58200,59300,16017098
2020-09-14,52932.23047,60400,60800,59900,60200,20648281
2020-09-15,53458.04297,61000,61000,60500,60900,17877075
2020-09-16,53458.04297,61000,61300,60600,61100,17041444
2020-09-17,52143.5,59500,60800,59300,60700,25108356
2020-09-18,51968.23047,59300,59900,59100,59800,18884571
2020-09-21,51880.58984,59200,60000,59000,59100,15140387
2020-09-22,51004.23438,58200,59700,57800,59100,20830381
2020-09-23,51354.76563,58600,58800,57400,58400,20111398
2020-09-24,50653.6875,57800,58600,57600,57700,17564020
2020-09-25,50741.33203,57900,58200,57700,57700,11444683
2020-09-28,51317.98828,58200,58800,57900,58300,12614080
2020-09-29,51317.98828,58200,59000,58200,58300,15503563
2020-10-05,51758.86328,58700,59200,57500,57500,20228289
2020-10-06,52023.40234,59000,59900,58700,59400,14463826
2020-10-07,52816.96875,59900,59900,58500,58700,14861838
2020-10-08,52640.62109,59700,60700,59500,60500,24589924
2020-10-12,53257.84766,60400,60400,59900,60000,16145837
2020-10-13,53698.71875,60900,61400,60400,61000,19247631
2020-10-14,53698.71875,60900,61100,60500,61000,16086716
2020-10-15,52905.13672,60000,60800,59700,60700,17756232
2020-10-16,52464.26563,59500,60400,59000,60000,16554190
2020-10-19,52905.13672,60000,60200,59500,59600,14474985
2020-10-20,53698.71875,60900,60900,60100,60300,19326115
2020-10-21,53698.71875,60900,61500,60600,61200,15703443
2020-10-22,52993.32031,60100,60500,59800,60300,14294095
2020-10-23,53081.49219,60200,60400,59800,60400,9322232
2020-10-26,53257.84766,60400,61100,60100,60400,13268226
2020-10-27,52728.79688,59800,60300,59500,60300,17260416
2020-10-28,52023.40234,59000,59400,58800,59400,14428882
2020-10-29,51229.82031,58100,58500,57500,58200,22636966
2020-10-30,49907.1875,56600,58000,56600,58000,26907844
2020-11-02,50612.58984,57400,57500,56000,56400,20489076
2020-11-03,51847.04688,58800,58900,57600,57900,14950919
2020-11-04,51582.51563,58500,59000,57800,58900,21718561
2020-11-05,53169.66797,60300,60300,58800,59000,20639475
2020-11-06,52993.32031,60100,60800,59600,60700,16910230
2020-11-09,53081.49219,60200,60900,60100,60700,15892961
2020-11-10,53081.49219,60200,60500,59500,60500,19073552
2020-11-11,54051.41797,61300,61400,60400,60700,25628510
2020-11-12,53786.89844,61000,61400,60700,61000,19800573
2020-11-13,55726.75391,63200,63200,61000,61300,31508829
2020-11-16,58460.16797,66300,66700,63900,64000,36354334
2020-11-17,57931.13672,65700,67000,65600,67000,30204089
2020-11-18,57137.55469,64800,66200,64700,65700,22963790
2020-11-19,56961.20703,64600,64800,63900,64100,16590290
2020-11-20,57049.38672,64700,65200,63900,63900,15068682
2020-11-23,59518.28906,67500,67800,64700,64800,27134398
2020-11-24,59694.64844,67700,69500,67000,67900,32158235
2020-11-25,58724.70703,66600,68300,66500,67900,32447065
2020-11-26,59959.16016,68000,68000,66000,66100,19023323
2020-11-27,60135.52344,68200,68400,67600,68000,14063434
2020-11-30,58812.89063,66700,68600,66700,68400,43811016
2020-12-01,59782.8125,67800,68300,67100,67100,22327173
2020-12-02,61281.78906,69500,69900,68300,68400,29703942
2020-12-03,61458.12891,69700,70500,69300,70100,23677989
2020-12-04,63045.30859,71500,72100,70100,70400,28130533
2020-12-07,64279.74609,72900,73500,71900,72400,28490496
2020-12-08,63221.64844,71700,72900,71600,72200,25000338
2020-12-09,65161.51172,73900,73900,72000,72100,24077996
2020-12-10,64279.74609,72900,73800,72500,72700,39882928
2020-12-11,64720.63281,73400,73800,73100,73500,18486672
2020-12-14,65073.32813,73800,74500,73200,73600,21510415
2020-12-15,65073.32813,73800,74100,73300,73800,20863671
2020-12-16,65073.32813,73800,74500,73400,74100,17512081
2020-12-17,64632.45313,73300,73700,72600,73400,24293214
2020-12-18,64367.92578,73000,73700,73000,73300,17613029
2020-12-21,64367.92578,73000,73400,72000,73100,20367355
2020-12-22,63750.71094,72300,73200,72100,72500,16304910
2020-12-23,65161.51172,73900,74000,72300,72400,19411326
2020-12-24,68600.32813,77800,78800,74000,74100,32502870
2020-12-28,69393.92188,78700,80100,78200,79000,40085044
2020-12-29,70778.75781,78300,78900,77300,78800,30339449
2020-12-30,73219.42188,81000,81300,77300,77400,29417421
2021-01-04,75027.29688,83000,84400,80200,81000,38655276
2021-01-05,75840.83594,83900,83900,81600,81600,35335669
2021-01-06,74304.13281,82200,84500,82100,83300,42089013
2021-01-07,74936.88281,82900,84200,82700,82800,32644642
2021-01-08,80270.17969,88800,90000,83000,83300,59013307
2021-01-11,82258.83594,91000,96800,89500,90000,90306177
2021-01-12,81897.27344,90600,91400,87800,90300,48682416
2021-01-13,81083.71094,89700,91200,89100,89800,36068848
2021-01-14,81083.71094,89700,90000,88700,88700,26393970
2021-01-15,79547.00781,88000,91800,88000,89800,33431809
2021-01-18,76835.17969,85000,87300,84100,86600,43227951
2021-01-19,78643.07031,87000,88000,83600,84500,39895044
2021-01-20,78823.85938,87200,89000,86500,89000,25211127
2021-01-21,79637.39844,88100,88600,86500,87500,25318011
2021-01-22,78462.28906,86800,89700,86800,89000,30861661
2021-01-25,80812.54688,89400,89900,86300,87000,27258534
2021-01-26,78371.88281,86700,89200,86500,88800,33178936
2021-01-27,77377.55469,85600,87700,85600,86600,26423070
2021-01-28,75660.04688,83700,85600,83200,83200,31859808
2021-01-29,74123.35156,82000,85000,82000,84500,39615978
2021-02-01,75027.29688,83000,83400,81000,81700,28046832
2021-02-02,76292.8125,84400,86400,83700,84100,26302077
2021-02-03,76473.59375,84600,85400,83400,84800,22112205
2021-02-04,74575.3125,82500,83800,82100,83500,24171688
2021-02-05,75479.25,83500,84000,82500,83100,18036835
2021-02-08,75027.29688,83000,84200,83000,83800,15338765
2021-02-09,74756.09375,82700,84800,82700,84000,20898332
2021-02-10,73761.77344,81600,82600,81600,82600,23025766
2021-02-15,76112.01563,84200,84500,83300,83800,23529706
2021-02-16,76744.77344,84900,86000,84200,84500,20483100
2021-02-17,75208.08594,83200,84200,83000,83900,18307735
2021-02-18,74213.75,82100,83600,82100,83200,21327683
2021-02-19,74665.70313,82600,82800,81000,82300,25880879
2021-02-22,74304.13281,82200,84200,82200,83800,25419886
2021-02-23,74123.35156,82000,82900,81100,81200,20587314
2021-02-24,74123.35156,82000,83600,81300,81800,26807651
2021-02-25,77106.35156,85300,85400,83000,84000,34155986
2021-02-26,74575.3125,82500,83400,82000,82800,38520800
2021-03-02,75569.64844,83600,85300,83000,85100,33498180
2021-03-03,75931.22656,84000,84000,82800,83500,19882132
2021-03-04,74484.91406,82400,83200,82200,82600,24348331
2021-03-05,74213.75,82100,82600,81100,81100,20508971
2021-03-08,74123.35156,82000,83000,81600,82900,17641256
2021-03-09,73580.97656,81400,81900,80600,81400,25420764
2021-03-10,73129.02344,80900,82500,80700,82400,20038422
2021-03-11,74123.35156,82000,82500,81000,81000,23818297
2021-03-12,74846.5,82800,83500,82400,83100,13530573
2021-03-15,73942.5625,81800,82900,81800,82800,13735798
2021-03-16,74846.5,82800,83000,82100,82200,12293537
2021-03-17,74394.51563,82300,82900,82000,82800,11625146
2021-03-18,74936.88281,82900,83800,82600,82800,18585244
2021-03-19,74032.94531,81900,82500,81800,82100,15869700
2021-03-22,74123.35156,82000,82300,81700,82000,12670506
2021-03-23,73942.5625,81800,82900,81800,82600,13299907
2021-03-24,73219.42188,81000,81600,80700,81000,17926638
2021-03-25,73400.19531,81200,82100,80800,81000,14758826
2021-03-26,73671.36719,81500,81600,81000,81400,12845778
2021-03-29,73761.77344,81600,81700,81000,81700,14952134
2021-03-30,74634.3125,82200,82300,81300,81600,13121698
2021-03-31,73907.96094,81400,82700,81400,82400,17240518
2021-04-01,75269.88281,82900,83000,82000,82500,18676461
2021-04-02,76995.00781,84800,85200,83900,84000,22997538
2021-04-05,77539.78906,85400,86000,84800,85800,16255990
2021-04-06,78084.5625,86000,86200,85100,86200,19042023
2021-04-07,77721.39844,85600,86200,85400,86100,17885538
2021-04-08,76904.21875,84700,85700,84100,85700,19244259
2021-04-09,75905.44531,83600,84900,83400,84700,18193707
2021-04-12,75542.26563,83200,84100,83100,84100,12915282
2021-04-13,76268.64844,84000,84500,82800,83000,15238206
2021-04-14,76268.64844,84000,84300,83400,84000,13794652
2021-04-15,76359.44531,84100,84500,83400,83700,16377412
2021-04-16,76177.85938,83900,84700,83600,84700,15429522
2021-04-19,75633.07031,83300,84000,83300,83800,15287311
2021-04-20,76177.85938,83900,84000,83100,83300,15521965
2021-04-21,74997.50781,82600,83500,82500,83300,21636079
2021-04-22,74815.91406,82400,83000,82400,82900,13934746
2021-04-23,75179.07813,82800,82900,81600,81900,17805080
2021-04-26,75814.66406,83500,83500,82600,82900,15489938
2021-04-27,75269.88281,82900,83300,82500,83200,12941533
2021-04-28,74543.54688,82100,83200,82100,83200,15596759
2021-04-29,74180.33594,81700,82500,81500,82400,20000973
2021-04-30,73998.75781,81500,82100,81500,81900,18673197
2021-05-03,74180.33594,81700,82400,81000,81000,15710336
2021-05-04,74997.50781,82600,82600,81800,81900,12532550
2021-05-06,74725.10156,82300,82300,81700,81700,17047511
2021-05-07,74361.92188,81900,82100,81500,81800,14154882
2021-05-10,75542.26563,83200,83500,81800,82300,19385027
2021-05-11,73726.36719,81200,82600,81100,82500,28996680
2021-05-12,72636.80469,80000,81200,79800,80800,35812268
2021-05-13,71274.85938,78500,79600,78400,78900,31490096
2021-05-14,72727.61719,80100,80300,78900,79000,16450920
2021-05-17,72273.63281,79600,80900,79200,80800,17740855
2021-05-18,72273.63281,79600,80000,79100,79600,17494407
2021-05-20,72182.84375,79500,79700,79100,79400,16541828
2021-05-21,72727.61719,80100,81500,79800,80100,20961714
2021-05-24,72364.42969,79700,80400,79500,80100,13398666
2021-05-25,72546.02344,79900,80400,79800,80000,13628942
2021-05-26,72455.21094,79800,80500,79700,80400,11984359
2021-05-27,72273.63281,79600,80000,79100,80000,23198510
2021-05-28,72727.61719,80100,80400,79400,79800,12360199
2021-05-31,73090.78125,80500,80600,79600,80300,13321324
2021-06-01,73181.57813,80600,81300,80100,80500,14058401
2021-06-02,73363.17969,80800,81400,80300,80400,16414644
2021-06-03,75179.07813,82800,83000,81100,81300,29546007
2021-06-04,74634.3125,82200,82700,81500,82700,18112259
2021-06-07,74361.92188,81900,82800,81600,82700,16496197
2021-06-08,74361.92188,81900,82600,81800,82300,12781226
2021-06-09,73635.57031,81100,82000,81100,81500,14908823
2021-06-10,73544.77344,81000,81400,80900,81300,17586995
2021-06-11,73544.77344,81000,81700,80700,81200,14087962
2021-06-14,73090.78125,80500,80900,80500,80800,10550078
2021-06-15,73453.96094,80900,81200,80600,80900,10075685
2021-06-16,74271.14063,81800,81900,81100,81500,14999855
2021-06-17,73453.96094,80900,81300,80700,81100,14007385
2021-06-18,73090.78125,80500,81100,80500,81100,14916721
2021-06-21,72546.02344,79900,80000,79600,79700,16063340
2021-06-22,72636.80469,80000,80300,79900,80200,11773365
2021-06-23,72727.61719,80100,80600,79900,80500,13856548
2021-06-24,73726.36719,81200,81400,80100,80400,18771080
2021-06-25,74089.52344,81600,81900,81200,81500,13481405
2021-06-28,74361.92188,81900,82000,81600,81700,11578529
2021-06-29,73870.375,81000,82100,80800,81900,15744317
2021-06-30,73596.78906,80700,81400,80700,81100,13288643
2021-07-01,73049.60156,80100,80600,80000,80500,13382882
2021-07-02,72958.39063,80000,80400,79900,80000,8753097
2021-07-05,73323.17969,80400,80800,80000,80100,8330969
2021-07-06,74052.77344,81200,81200,80500,80600,12131651
2021-07-07,73687.98438,80800,81300,80300,81200,15992202
2021-07-08,72867.21094,79900,81200,79900,81100,16660998
2021-07-09,72411.19531,79400,79800,79000,79600,22720577
2021-07-12,72684.8125,79700,80000,79500,79900,9768108
2021-07-13,72776.01563,79800,80200,79800,80000,9863450
2021-07-14,72502.42188,79500,79600,79100,79400,11575636
2021-07-15,73505.58594,80600,80600,79500,79800,13766279
2021-07-16,72776.01563,79800,80100,79500,80100,10859399
2021-07-19,72046.42188,79000,79200,78800,79100,13155414
2021-07-20,72046.42188,79000,79000,78400,78500,12456646
2021-07-21,71590.41406,78500,79100,78500,79000,12355296
2021-07-22,72684.8125,79700,79800,78900,79000,12618790
2021-07-23,72320.01563,79300,79900,79200,79700,9098910
2021-07-26,71864.03125,78800,79500,78800,79400,10040975
2021-07-27,71590.41406,78500,79400,78500,79200,11427693
2021-07-28,72228.8125,79200,79200,78100,78300,12743417
2021-07-29,72046.42188,79000,79400,78800,78800,14360453
2021-07-30,71590.41406,78500,78900,78500,78900,13823411
2021-08-02,72320.01563,79300,79500,78700,79200,11739124
2021-08-03,74235.17969,81400,81400,79300,79400,24339360
2021-08-04,75603.125,82900,83100,81800,82200,25642368
2021-08-05,74873.57031,82100,83300,82000,83300,18485469
2021-08-06,74326.36719,81500,82500,81300,81900,13342623
2021-08-09,74326.36719,81500,82300,80900,81500,15522581
2021-08-10,73140.8125,80200,82400,80100,82300,20362639
2021-08-11,71590.41406,78500,79800,78500,79600,30241137
2021-08-12,70222.45313,77000,78200,76900,77100,42365223
2021-08-13,67851.30469,74400,76000,74100,75800,61270643
2021-08-17,67668.91406,74200,75100,74000,74000,30944847
2021-08-18,67395.30469,73900,74600,73100,73900,29192631
2021-08-19,66665.71875,73100,74400,73100,73500,22166298
2021-08-20,66300.94531,72700,73900,72500,73500,22364803
2021-08-23,66848.10938,73300,74000,73000,73300,19384648
2021-08-24,68945.69531,75600,75700,73900,73900,21016913
2021-08-25,69036.88281,75700,76600,74900,76200,22319664
2021-08-26,68033.71094,74600,76200,74600,76100,16671494
2021-08-27,67760.10938,74300,75000,73800,74300,15172748
2021-08-30,68033.71094,74600,75500,74200,75400,12686999
2021-08-31,69948.86719,76700,76700,74300,74900,24630370
2021-09-01,70040.0625,76800,77100,75900,76700,16114775
2021-09-02,69310.48438,76000,76800,75700,76800,15347486
2021-09-03,69857.67188,76600,76700,76000,76400,12096419
2021-09-06,70496.05469,77300,77600,76600,76800,12861180
2021-09-07,69401.66406,76100,77100,75900,77100,13239401
2021-09-08,69584.07813,76300,76400,75600,76000,11798147
2021-09-09,68672.08594,75300,76600,75000,76400,17600770
2021-09-10,68672.08594,75300,75600,74800,75300,10103212
2021-09-13,69584.07813,76300,76300,75100,75200,11397775
2021-09-14,69857.67188,76600,77700,76600,77100,18167057
2021-09-15,70222.45313,77000,77400,76400,77400,12829128
2021-09-16,69401.66406,76100,77400,76100,77300,13067622
2021-09-17,70404.85938,77200,77200,75900,76300,16289502
2021-09-23,70587.24219,77400,77600,76800,77500,17055590
2021-09-24,70496.05469,77300,77700,77100,77600,12247274
2021-09-27,70860.82813,77700,77700,77000,77300,11699798
2021-09-28,69584.07813,76300,77800,76200,77700,15406382
2021-09-29,67898.96875,74100,75300,73800,74800,23992458
2021-09-30,67898.96875,74100,74800,73700,74300,19919361
2021-10-01,67074.27344,73200,74000,72900,73900,15803395
2021-10-05,66157.96875,72200,73000,71400,73000,24013921
2021-10-06,65333.28125,71300,72800,71200,72600,18956962
2021-10-07,65608.17188,71600,72100,71300,71600,13683532
2021-10-08,65516.54297,71500,72400,71500,72300,14043287
2021-10-12,63225.75781,69000,70900,68700,70700,31001484
2021-10-13,63042.49609,68800,69600,68300,68700,24172015
2021-10-14,63592.27734,69400,69800,68800,69000,19520641
2021-10-15,64233.70313,70100,71000,70000,70200,18051612
2021-10-18,64325.34766,70200,70300,69200,70200,13486391
2021-10-19,64691.86328,70600,71000,70400,70800,9507991
2021-10-20,64416.97266,70300,71000,70200,70700,10151638
2021-10-21,64325.34766,70200,70600,70000,70300,10891094
2021-10-22,64508.60156,70400,70700,70000,70000,8395448
2021-10-25,64325.34766,70200,70600,69500,69900,10029621
2021-10-26,65150.01172,71100,71500,70400,70600,10528252
2021-10-27,64233.70313,70100,71000,70000,71000,10295316
2021-10-28,64783.5,70700,72200,69500,69500,20644902
2021-10-29,63958.82813,69800,71600,69700,71200,17016151
2021-11-01,64050.4375,69900,70600,69900,70200,11503729
2021-11-02,65516.54297,71500,72200,70700,70800,16812570
2021-11-03,64508.60156,70400,71700,70100,71700,12770428
2021-11-04,64691.86328,70600,71600,70500,71200,11818987
2021-11-05,64325.34766,70200,71600,70200,71600,12667743
2021-11-08,64691.86328,70600,70600,69800,70400,11121981
2021-11-09,64600.23047,70500,71000,70100,70300,11159589
2021-11-10,64325.34766,70200,70900,70200,70300,9422009
2021-11-11,64050.4375,69900,70000,69600,69900,11489122
2021-11-12,64691.86328,70600,70900,69900,70200,10087450
2021-11-15,65424.90234,71400,71900,70900,71700,12420710
2021-11-16,65333.28125,71300,72000,71300,71500,10919239
2021-11-17,64783.5,70700,71600,70600,71300,11027606
2021-11-18,64325.34766,70200,71000,70200,70700,10144957
2021-11-19,65241.66797,71200,71400,70100,70400,11954728
2021-11-22,68632.00781,74900,75200,73000,73300,27506623
2021-11-23,68998.53906,75300,76000,74500,76000,22029195
2021-11-24,68540.38281,74800,76200,74100,76000,15652305
2021-11-25,67532.4375,73700,75100,73600,75100,12559258
2021-11-26,66249.60938,72300,74100,72000,73500,13002242
2021-11-29,66249.60938,72300,73000,71400,71700,16682559
2021-11-30,65333.28125,71300,73900,70500,73200,30364841
2021-12-01,68173.85938,74400,74800,71600,72000,21954856
2021-12-02,69456.71094,75800,75800,73800,73900,23652940
2021-12-03,69273.44531,75600,76000,74100,75600,18330240
2021-12-06,69914.85938,76300,76700,74900,75100,16391250
2021-12-07,70922.80469,77400,77700,75600,76100,19232453
2021-12-08,70922.80469,77400,78600,77100,78300,21558340
2021-12-09,71655.85938,78200,78200,77000,77400,21604528
2021-12-10,70464.66406,76900,77600,76800,77400,9155219
2021-12-13,70373.01563,76800,78300,76500,77200,15038750
2021-12-14,70556.27344,77000,77200,76200,76500,10976660
2021-12-15,71106.07813,77600,77600,76300,76400,9584939
2021-12-16,71289.33594,77800,78500,77400,78500,11996128
2021-12-17,71472.60156,78000,78000,76800,76800,13108479
2021-12-20,70647.90625,77100,77800,76800,77600,11264375
2021-12-21,71564.23438,78100,78300,77500,77900,14245298
2021-12-22,72755.42188,79400,79400,78800,78900,17105892
2021-12-23,73213.59375,79900,80000,79300,79800,13577498
2021-12-24,73763.375,80500,80800,80200,80200,12086380
2021-12-27,73488.49219,80200,80600,79800,80600,10783368
2021-12-28,73580.11719,80300,80400,79700,80200,18226325
2021-12-29,72531.71875,78800,80200,78500,80200,19794795
2021-12-30,72071.49219,78300,79500,78100,78900,14236700
2022-01-04,72439.6875,78700,79200,78300,78800,12427416
2022-01-05,71243.07813,77400,79000,76400,78800,25470640
2022-01-06,70782.85938,76900,77600,76600,76700,12931954
2022-01-07,72071.49219,78300,78400,77400,78100,15163757
2022-01-10,71795.36719,78000,78100,77100,78100,9947422
2022-01-11,72623.77344,78900,79000,78000,78400,13221123
2022-01-12,72623.77344,78900,79600,78600,79500,11000502
2022-01-13,71703.32813,77900,79300,77900,79300,13889401
2022-01-14,71151.03906,77300,78100,77100,77700,10096725
2022-01-17,71335.125,77500,77800,76900,77600,8785122
2022-01-18,70874.91406,77000,77800,76600,77600,9592788
2022-01-19,70230.58594,76300,76900,76100,76500,10598290
2022-01-20,70414.6875,76500,76700,75900,76200,9708168
2022-01-21,69586.26563,75600,75800,74700,75800,15774888
2022-01-24,69126.04688,75100,75800,74700,75400,13691134
2022-01-25,68113.53906,74000,75000,73200,74800,17766704
2022-01-26,68113.53906,74000,74000,74000,74000,0
2022-01-27,65628.32031,71300,74000,71300,73800,22274777
2022-01-28,67469.24219,73300,73700,71200,71300,21367447
2022-02-03,67469.24219,73300,74900,73300,74900,17744721
2022-02-04,68113.53906,74000,74600,73400,74300,12730034
2022-02-07,67193.10156,73000,73600,72400,73500,14240838
2022-02-08,67193.10156,73000,73000,73000,73000,0
2022-02-09,67193.10156,73000,73000,73000,73000,0
2022-02-10,69402.17969,75400,75800,74700,75600,17746033
2022-02-11,68941.96094,74900,75500,74600,75000,12205407
2022-02-14,67837.41406,73700,74500,73100,74400,13993255
2022-02-15,67837.41406,73700,74200,73100,74100,9320365
2022-02-16,68849.90625,74800,74900,74200,74600,10767386
2022-02-17,69033.98438,75000,75600,74500,75000,13605382
2022-02-18,68389.67188,74300,74800,73700,74600,10122226
2022-02-21,68389.67188,74300,74300,74300,74300,0
2022-02-22,68389.67188,74300,74300,74300,74300,0
2022-02-23,68389.67188,74300,74300,74300,74300,0
2022-02-24,65812.41406,71500,72300,71300,72300,15759283
2022-02-25,66180.60156,71900,72600,71900,72100,13168484
2022-02-28,66180.60156,71900,71900,71900,71900,0
2022-03-02,65996.49219,71700,72400,71500,72300,12481430
2022-03-03,67101.04688,72900,73100,72200,72300,13232638
2022-03-04,67101.04688,72900,72900,72900,72900,0
2022-03-07,64523.77734,70100,70600,69900,70000,18617138
2022-03-08,63971.50391,69500,70000,68700,68800,15828269
2022-03-10,63971.50391,69500,69500,69500,69500,0
2022-03-11,64431.73438,70000,70700,69700,70500,15787655
2022-03-14,64615.82031,70200,70200,69600,70000,9040993
2022-03-15,64615.82031,70200,70200,70200,70200,0
2022-03-16,64799.91797,70400,70500,69700,70200,10175750
2022-03-17,64799.91797,70400,70400,70400,70400,0
2022-03-18,65076.06641,70700,70900,70200,70600,14410038
2022-03-21,64339.6875,69900,71000,69900,70900,11169002
2022-03-22,64707.86328,70300,70500,69900,69900,9402666
2022-03-23,64891.96484,70500,71200,70300,70600,12398025
2022-03-24,64247.64844,69800,70300,69600,69600,37943357
2022-03-25,64247.64844,69800,70200,69600,70100,12986010
2022-03-28,64155.59375,69700,69900,69200,69500,12619289
2022-03-29,64615.82031,70200,70300,69800,70000,13686208
2022-03-30,64672.26563,69900,70500,69800,70300,12670187
2022-03-31,64394.70313,69600,70200,69600,69900,12510366
2022-04-01,63932.09375,69100,69500,69000,69500,15916846
2022-04-04,64117.13281,69300,69300,68600,68900,11107905
2022-04-05,64024.61719,69200,69600,69100,69400,8467248
2022-04-06,63376.96094,68500,68800,68500,68600,15517308
2022-04-07,62914.35938,68000,68500,68000,68500,20683327
2022-04-08,62729.3125,67800,68300,67700,68100,15453191
2022-04-11,62821.83984,67900,68100,67400,67800,12263735
2022-04-12,61989.15234,67000,67700,67000,67600,13924389
2022-04-13,63562.01953,68700,69000,67200,67300,17378619
2022-04-14,62451.75391,67500,68700,67500,68700,16409494
2022-04-15,61619.06641,66600,67300,66500,67200,13176415
2022-04-18,61711.59375,66700,67100,66100,66500,10119203
2022-04-19,62266.71875,67300,68000,67000,67100,12959434
2022-04-20,62359.23438,67400,67400,66500,67000,16693293
2022-04-21,62636.81641,67700,68300,67500,67600,12847448
2022-04-22,61989.15234,67000,67300,66700,67200,11791478
2022-04-25,61341.5,66300,66700,66300,66500,11016474
2022-04-26,61156.45313,66100,66700,66100,66400,12946923
2022-04-27,60138.72266,65000,65500,64900,65400,18122084
2022-04-28,59953.6875,64800,65500,64500,65400,16895527
2022-04-29,62359.23438,67400,67600,65000,65100,26190390
2022-05-02,62266.71875,67300,67600,66500,66600,14106184
2022-05-03,62451.75391,67500,68400,67300,67400,14168875
2022-05-04,62821.83984,67900,68400,67500,68000,11505248
2022-05-06,61526.54688,66500,67100,66500,67000,14356156
2022-05-10,60786.36719,65700,66300,65300,65900,17235605
2022-05-11,60786.36719,65700,66300,65200,65500,12330920
2022-05-12,60046.19922,64900,65500,64900,65200,16414188
2022-05-13,61526.54688,66500,66700,65200,65300,14551536
2022-05-16,61341.5,66300,67400,66100,67100,11937555
2022-05-17,62544.27734,67600,67900,66600,66600,15680447
2022-05-18,63006.88281,68100,68700,67600,68300,16486319
2022-05-19,62451.75391,67500,67600,66500,66500,17073727
2022-05-20,62914.35938,68000,68400,67700,67800,12109671
2022-05-23,62821.83984,67900,68800,67600,68800,13684088
2022-05-24,61526.54688,66500,67700,66500,67500,15482576
2022-05-25,61434.03125,66400,67100,65900,66700,15150490
2022-05-26,60971.41016,65900,67200,65500,66300,15970890
2022-05-27,61526.54688,66500,66900,66200,66700,11405555
2022-05-30,62636.81641,67700,67800,66900,67500,14255484
2022-05-31,62359.23438,67400,67500,66700,67500,24365002
2022-06-02,61711.59375,66700,67000,66400,66600,14959443
2022-06-03,61804.10156,66800,67300,66800,67200,8222883
2022-06-07,60601.33203,65500,66400,65400,66200,19355755
2022-06-08,60416.29297,65300,65700,65300,65400,12483180
2022-06-09,60323.76953,65200,65200,64500,65100,25790725
2022-06-10,59028.47266,63800,64400,63800,64000,22193552
2022-06-13,57455.60938,62100,62800,62100,62400,22157816
2022-06-14,57270.57031,61900,62200,61100,61200,24606419
2022-06-15,56160.32422,60700,61500,60200,61300,26811224
2022-06-16,56345.35547,60900,61800,60500,61300,23394895
2022-06-17,55327.63281,59800,59900,59400,59400,29053450
2022-06-20,54309.89453,58700,59900,58100,59800,34111306
2022-06-21,54124.85938,58500,59200,58200,58700,25148109
2022-06-22,53292.16016,57600,59100,57600,59000,23334687
2022-06-23,53107.125,57400,58000,56800,57700,28338608
2022-06-24,54032.33984,58400,59100,57700,57900,23256103
2022-06-27,54402.41406,58800,59900,58300,59000,18122236
2022-06-28,54957.54297,59400,59500,58700,59200,13540538
2022-06-29,53990.36719,58000,58800,58000,58500,14677138
2022-06-30,53059.50391,57000,57600,57000,57200,18915142
2022-07-01,52314.81641,56200,57500,55900,56900,24982097
2022-07-04,53152.58594,57100,57400,55700,56100,17807126
2022-07-05,53245.67578,57200,58200,57200,57600,14216539
2022-07-06,52500.99219,56400,57300,56400,57300,16820461
2022-07-07,54176.54688,58200,58700,56300,56400,21322833
2022-07-08,54641.98438,58700,59300,58200,58600,15339271
2022-07-11,54735.07031,58800,59600,58700,59300,13042624
2022-07-12,54083.46094,58100,58700,58100,58600,9336061
2022-07-13,53990.36719,58000,58600,58000,58300,10841315
2022-07-14,53524.94141,57500,58200,57400,57500,15067012
2022-07-15,55852.11328,60000,60000,58100,58400,18685583
2022-07-18,57620.75781,61900,62000,60500,60600,20832517
2022-07-19,56689.89453,60900,61500,60200,61400,15248261
2022-07-20,56317.55078,60500,62100,60500,61800,16782238
2022-07-21,57527.67578,61800,61900,60700,61100,12291374
2022-07-22,57062.23828,61300,62200,61200,61800,10261310
2022-07-25,56876.06641,61100,61900,60800,60900,9193681
2022-07-26,57434.58594,61700,61900,60800,60800,6597211
2022-07-27,57527.67578,61800,61900,61200,61300,7320997
2022-07-28,57620.75781,61900,62600,61600,62300,10745302
2022-07-29,57155.32813,61400,62600,61300,62400,15093120
2022-08-01,57062.23828,61300,61700,60300,61000,13154816
2022-08-02,57434.58594,61700,61900,61000,61200,13614895
2022-08-03,57062.23828,61300,61600,61000,61600,10053861
2022-08-04,57248.41406,61500,61800,61200,61700,9125439
2022-08-05,57248.41406,61500,61900,61200,61700,9567620
2022-08-08,56596.8125,60800,61400,60600,61400,11313150
2022-08-09,55852.11328,60000,60700,59600,60600,18251170
2022-08-10,55014.33594,59100,59200,58600,58900,18084349
2022-08-11,55759.02734,59900,60000,59300,59600,15141941
2022-08-12,56038.28516,60200,60700,59400,59500,10786658
2022-08-16,56782.98047,61000,61600,60300,60500,15036727
2022-08-17,56224.45313,60400,61200,60300,61100,9061518
2022-08-18,57248.41406,61500,61900,60000,60300,16372754
2022-08-19,56689.89453,60900,61600,60600,61400,6923679
2022-08-22,55852.11328,60000,60400,59800,60300,8259865
2022-08-23,55014.33594,59100,59600,59000,59000,9041629
2022-08-24,54921.24609,59000,59500,59000,59200,8888486
2022-08-25,55572.84375,59700,59700,59000,59200,5767902
2022-08-26,55852.11328,60000,60900,59900,60300,9499995
2022-08-29,54548.89844,58600,58900,58600,58700,9841329
2022-08-30,54735.07031,58800,59000,58300,58700,9690044
2022-08-31,55572.84375,59700,59900,58200,58200,14203512
2022-09-01,54362.72266,58400,58900,58300,58700,14905777
2022-09-02,53524.94141,57500,58600,57500,58300,15040310
2022-09-05,53152.58594,57100,57800,56800,57400,11425977
2022-09-06,53152.58594,57100,57600,56900,57200,7503086
2022-09-07,52128.63672,56000,56700,55900,56700,17384854
2022-09-08,51756.28125,55600,56400,55600,56200,18000016
2022-09-13,54083.46094,58100,58500,56800,57000,17166581
2022-09-14,52873.33203,56800,57200,56100,56200,12524961
2022-09-15,52128.63672,56000,57100,56000,57000,11664819
2022-09-16,52314.81641,56200,56400,55500,55600,13456503
2022-09-19,52500.99219,56400,57000,56000,56300,12278653
2022-09-20,51942.46484,55800,57000,55800,56400,14041465
2022-09-21,51477.02734,55300,55500,55000,55400,11863700
2022-09-22,50639.25,54400,54700,54300,54600,12786510
2022-09-23,50732.33203,54500,54900,54200,54400,10555964
2022-09-26,50173.8125,53900,54200,53600,53700,15008449
2022-09-27,50453.08203,54200,54200,53500,53800,16631289
2022-09-28,49242.94141,52900,54400,52500,53900,19991129
2022-09-29,49300.11719,52600,53700,52600,53300,13882080
2022-09-30,49768.74609,53100,53600,51800,52300,22503249
2022-10-04,51737,55200,55400,54500,55300,19148435
2022-10-05,52486.8125,56000,57200,55400,56900,22458970
2022-10-06,52767.99609,56300,57300,56300,56700,14944446
2022-10-07,52674.27344,56200,56900,55200,55900,16886813
2022-10-11,51924.45703,55400,55700,54000,54400,21437877
2022-10-12,52299.36719,55800,57000,55200,55700,18408910
2022-10-13,51737,55200,56100,55200,55400,13784602
2022-10-14,52767.99609,56300,56500,55800,56200,12924326
2022-10-17,53049.17578,56600,57000,55700,55800,13641878
2022-10-18,52955.44531,56500,57100,55800,56700,14820702
2022-10-19,52299.36719,55800,56900,55700,56700,12660652
2022-10-20,52018.18359,55500,56000,55100,55200,17107653
2022-10-21,52393.09375,55900,56300,55100,55100,11456060
2022-10-24,53892.71484,57500,57500,56700,57000,16944503
2022-10-25,54080.17188,57700,58600,57000,57000,17405678
2022-10-26,55673.51953,59400,59600,57700,58000,20824967
2022-10-27,55767.24219,59500,60100,58900,59700,21756712
2022-10-28,53705.26172,57300,59200,57200,58900,20924937
2022-10-31,55673.51953,59400,59900,58000,58100,18999514
2022-11-01,56235.87891,60000,60300,59500,59900,17201647
2022-11-02,55860.97266,59600,60000,59300,59700,13202919
2022-11-03,55486.05859,59200,59800,58100,58600,17492162
2022-11-04,55673.51953,59400,59500,58400,59100,12445841
2022-11-07,56423.32813,60200,60300,59400,59700,12437246
2022-11-08,57922.94531,61800,61900,60500,60500,18273898
2022-11-09,58110.40625,62000,62200,61300,62000,14045592
2022-11-10,56610.78125,60400,61500,60400,61400,21087633
2022-11-11,58953.94531,62900,63200,62300,63100,20037163
2022-11-14,58016.67188,61900,62900,61700,62900,15973416
2022-11-15,58485.30859,62400,62500,61600,62200,12310986
2022-11-16,58766.48438,62700,62700,61700,62400,12909260
2022-11-17,57548.04688,61400,62000,61300,62000,13298296
2022-11-18,57922.94531,61800,62400,61400,61800,12236503
2022-11-21,57548.04688,61400,61800,60800,61400,9378097
2022-11-22,56798.23438,60600,61200,60300,60900,9411289
2022-11-23,57173.13281,61000,61300,60700,61200,8765050
2022-11-24,57548.04688,61400,61700,60900,61200,8125010
2022-11-25,57173.13281,61000,61700,60800,61400,6677933
2022-11-28,56329.60156,60100,60500,59800,60500,8589032
2022-11-29,56798.23438,60600,60600,59800,59900,7014160
2022-11-30,58297.85547,62200,62200,60200,60400,19768903
2022-12-01,58672.75781,62600,63200,62300,63100,16631445
2022-12-02,56610.78125,60400,62500,60400,62500,15331184
2022-12-05,56517.05469,60300,61100,60000,60900,13767787
2022-12-06,55486.05859,59200,60100,59200,59800,13888300
2022-12-07,55204.88281,58900,59600,58500,58800,12100662
2022-12-08,55486.05859,59200,59200,58600,58700,12986815
2022-12-09,56610.78125,60400,60600,59300,59300,10529632
2022-12-12,55767.24219,59500,60000,59400,59900,9036472
2022-12-13,55954.69531,59700,60300,59400,59600,9040873
2022-12-14,56704.50781,60500,60600,59800,59800,8207485
2022-12-15,55579.79297,59300,60200,59300,59800,8716039
2022-12-16,55767.24219,59500,59500,58300,58300,13033596
2022-12-19,55767.24219,59500,59900,59100,59500,7696187
2022-12-20,54923.70313,58600,59100,58500,59000,9284761
2022-12-21,54361.33984,58000,59100,58000,58700,10356971
2022-12-22,55392.34375,59100,59100,58100,58100,10720630
2022-12-23,54455.07422,58100,58400,57700,58200,9829407
2022-12-26,54267.625,57900,58100,57700,58000,6756411
2022-12-27,54455.07422,58100,58400,57900,58000,10667027
2022-12-28,53380.86328,56600,57600,56400,57600,14665410
2022-12-29,52154.80078,55300,56200,55300,56000,11295935
2023-01-02,52343.41406,55500,56100,55200,55500,10031448
2023-01-03,52249.11328,55400,56000,54500,55400,13547030
2023-01-04,54512.60547,57800,58000,55600,55700,20188071
2023-01-05,54889.85547,58200,58800,57600,58200,15682826
2023-01-06,55644.34375,59000,59400,57900,58300,17334989
2023-01-09,57247.66016,60700,60700,59600,59700,18640107
2023-01-10,56964.72656,60400,61100,59900,60200,14859797
2023-01-11,57059.03906,60500,61200,60300,61000,12310751
2023-01-12,57059.03906,60500,61200,59900,61100,16102561
2023-01-13,57341.97656,60800,61200,60400,60500,12510328
2023-01-16,57624.91406,61100,61600,60800,61300,10039972
2023-01-17,57530.60156,61000,61500,60600,61200,9831456
2023-01-18,56964.72656,60400,61000,59900,60700,11584041
2023-01-19,58002.16406,61500,61500,60400,60500,12808490
2023-01-20,58285.10547,61800,62300,61100,62100,9646327
2023-01-25,59699.79297,63300,63700,63000,63500,39217
2023-01-26,60171.35547,63800,63900,63300,63800,54188
2023-01-27,60925.85156,64600,65000,63900,64400,44282
2023-01-30,59699.79297,63300,64900,63100,64900,59628
2023-01-31,57907.85156,61400,63700,61000,63500,163847
2023-02-01,57530.60156,61000,62700,61000,62600,98585
2023-02-02,59888.41797,63500,63900,62600,63200,65992
2023-02-03,59888.41797,63500,64000,63000,63900,47567
2023-02-06,58096.47266,61600,63000,61600,62800,144104
2023-02-07,58473.72656,62000,62500,61600,61900,32873
2023-02-08,59511.16406,63100,63300,62400,62800,42558
2023-02-09,59699.79297,63300,63300,62300,63000,48035
2023-02-10,59322.53906,62900,63000,62400,62600,44786
2023-02-13,59322.53906,62900,63000,62300,62900,59395
2023-02-14,59605.47656,63200,63900,63200,63600,70606
2023-02-15,58662.35547,62200,63900,62000,63900,58370
2023-02-16,60077.03516,63700,63700,62400,62500,41448
2023-02-17,59039.59766,62600,63300,62400,62900,28613
2023-02-20,59133.92188,62700,63000,61800,62900,29846
2023-02-21,58568.03516,62100,62800,62000,62700,60971
2023-02-22,57624.91406,61100,61800,61000,61500,39178
2023-02-23,58473.72656,62000,62500,61500,61700,37145
2023-02-24,57813.53516,61300,62600,61300,62300,50792
2023-02-27,57059.03906,60500,60800,60200,60800,11155697
2023-02-28,57153.35547,60600,61400,60500,60800,13715861
2023-03-02,57341.97656,60800,61800,60500,60900,13095682
2023-03-03,57059.03906,60500,61200,60500,61000,10711405
2023-03-06,58002.16406,61500,61600,60800,61100,13630602
2023-03-07,57247.66016,60700,61400,60700,61400,11473280
2023-03-08,56870.41406,60300,60500,59900,60100,14161857
2023-03-09,56681.78906,60100,60800,59900,60500,14334499
2023-03-10,56115.92188,59500,59700,59100,59500,11902471
2023-03-13,56587.47656,60000,60200,59300,59900,12779724
2023-03-14,55644.34375,59000,59500,59000,59400,12147346
2023-03-15,56398.85547,59800,60300,59600,60000,10482149
2023-03-16,56493.16797,59900,60200,59100,59200,10611939
2023-03-17,57813.53516,61300,61300,60600,60800,14090110
2023-03-20,56776.10156,60200,61200,60200,61100,9618009
2023-03-21,56870.41406,60300,60700,60100,60500,8318514
2023-03-22,57624.91406,61100,61200,60500,61000,8978591
2023-03-23,58756.66797,62300,62300,60600,60600,15381057
2023-03-24,59416.84766,63000,63300,62300,62700,18278602
2023-03-27,58568.03516,62100,62800,62000,62600,11039331
2023-03-28,59322.53906,62900,62900,62100,62400,11614118
2023-03-29,59133.92188,62700,62700,62200,62500,11216008
2023-03-30,59950.64844,63200,63700,63100,63700,15684377
2023-03-31,60709.51563,64000,64000,63700,64000,14094479
2023-04-03,59855.78516,63100,64000,63000,64000,11973133
2023-04-04,60330.08203,63600,63800,62800,63400,11120514
2023-04-05,60614.64844,63900,64000,63400,63700,9176149
2023-04-06,59096.91797,62300,63600,62300,63500,14992747
2023-04-07,61658.10547,65000,65200,63800,63800,27476120
2023-04-10,62322.11719,65700,66300,64700,64800,18777166
2023-04-11,62511.82813,65900,66200,65400,66200,16323183
2023-04-12,62606.6875,66000,66200,65300,65800,15021313
2023-04-13,62701.54297,66100,66100,65400,65600,15091022
2023-04-14,61752.96094,65100,66600,65000,66600,16176490
2023-04-17,61942.67578,65300,65600,64700,65000,13486618
2023-04-18,62227.25391,65600,66000,64800,65900,14802060
2023-04-19,62132.39844,65500,65800,65300,65500,10255985
2023-04-20,61942.67578,65300,65300,64600,65100,9501169
2023-04-21,62322.11719,65700,65900,65400,65800,10538622
2023-04-24,61847.82422,65200,65700,64800,65300,12986581
2023-04-25,60330.08203,63600,65400,63400,65300,16193271
2023-04-26,60804.375,64100,64300,63300,63600,12664541
2023-04-27,61278.66797,64600,65000,63300,64100,14779601
2023-04-28,62132.39844,65500,65900,65000,65200,19699481
2023-05-02,62322.11719,65700,66300,65100,66000,14396948
2023-05-03,62037.53125,65400,65600,64900,65100,8876749
2023-05-04,61752.96094,65100,65700,64700,65600,9791064
2023-05-08,62511.82813,65900,66300,65400,66300,9405365
2023-05-09,61942.67578,65300,65800,65100,65800,9366861
2023-05-10,61278.66797,64600,65500,64300,65500,13057727
2023-05-11,60899.23438,64200,65100,64200,64700,11648905
2023-05-12,60804.375,64100,64600,63600,63700,8693913
2023-05-15,61183.80859,64500,64600,63900,64100,8172021
2023-05-16,62037.53125,65400,65900,65300,65800,12334657
2023-05-17,61658.10547,65000,65900,64800,65900,10745504
2023-05-18,62796.40234,66200,66200,65700,66000,14431704
2023-05-19,64883.30078,68400,68400,67500,67800,20349345
2023-05-22,64978.14453,68500,69000,68000,68400,14470308
2023-05-23,64883.30078,68400,68700,68100,68500,8561643
2023-05-24,64978.14453,68500,68700,68000,68100,8192896
2023-05-25,65262.71875,68800,70000,68700,69900,14231160
2023-05-26,66685.61719,70300,70400,69500,69800,19549511
2023-05-30,68582.78125,72300,72300,71200,71300,27476897
2023-05-31,67729.0625,71400,72500,71000,72400,25666087
2023-06-01,67254.75,70900,71600,70600,70900,14669296
2023-06-02,68487.91406,72200,72200,71600,71700,12161798
2023-06-05,68013.64063,71700,72700,71400,72700,12686829
2023-06-07,67349.60938,71000,71600,70800,71300,14796613
2023-06-08,67254.75,70900,70900,70000,70400,19165568
2023-06-09,68298.21094,72000,72300,70800,71100,15050209
2023-06-12,67349.60938,71000,72400,70800,72100,12064287
2023-06-13,68298.21094,72000,72200,71600,71700,13227285
2023-06-14,68203.34375,71900,72200,71100,72100,12541046
2023-06-15,67823.91406,71500,72300,71300,72100,13614994
2023-06-16,68108.49219,71800,71900,70900,71800,15373696
2023-06-19,67539.32813,71200,71700,70900,71300,11100887
2023-06-20,67729.0625,71400,71400,70400,70700,11557883
2023-06-21,66875.32813,70500,71200,70400,70700,10626603
2023-06-22,67634.19531,71300,71500,70100,70200,11411007
2023-06-23,67918.77344,71600,72200,71600,72000,12329484
2023-06-26,68677.64063,72400,72500,71500,71700,10541901
2023-06-27,68867.35156,72600,72600,72000,72500,9442997
2023-06-28,68962.21094,72700,72700,72000,72600,8783093
2023-06-29,69020.35938,72400,73400,72400,73100,12229967
2023-06-30,68829.69531,72200,72700,71700,72500,11694765
2023-07-03,69592.35938,73000,73200,72600,72700,10722181
2023-07-04,69592.35938,73000,73600,72900,73400,10214350
2023-07-05,68639.03125,72000,73300,71900,73000,12310610
2023-07-06,68257.71094,71600,72400,71500,71900,14777667
2023-07-07,66637.05469,69900,71400,69800,71100,17308877
2023-07-10,66255.75,69500,70400,69200,70000,11713926
2023-07-11,68162.375,71500,71500,70100,70200,12177392
2023-07-12,68543.70313,71900,72000,71100,71200,10375581
2023-07-13,68543.70313,71900,72600,71900,72400,14417279
2023-07-14,69973.67969,73400,73400,72400,72500,15882519
2023-07-17,69878.35938,73300,73500,72800,73200,10060049
2023-07-18,68639.03125,72000,73500,72000,73200,11697900
2023-07-19,68353.03906,71700,72800,71300,72700,10896412
2023-07-20,67685.71094,71000,71500,70800,71100,9732730
2023-07-21,67018.39063,70300,70400,69400,70400,16528926
2023-07-24,67113.73438,70400,70900,69900,70100,13418597
2023-07-25,66732.40625,70000,70500,69800,70000,14314945
2023-07-26,66541.73438,69800,70600,68100,69800,30016221
2023-07-27,68353.03906,71700,71700,69300,69900,24261179
2023-07-28,67304.39063,70600,72400,70100,71800,19420683
2023-07-31,66541.73438,69800,71000,69800,70900,13035420
2023-08-01,67781.0625,71100,71200,70000,70100,12299254
2023-08-02,66637.05469,69900,71000,69800,70700,13835020
2023-08-03,65588.41406,68800,70200,68500,69900,20087090
2023-08-04,65111.75391,68300,69100,68200,68800,12360193
2023-08-07,65302.41016,68500,69200,67600,67700,10968505
2023-08-08,64444.43359,67600,69100,67400,69000,14664709
2023-08-09,65683.75,68900,69600,67900,68000,17259673
2023-08-10,64825.76563,68000,68500,67800,68300,10227311
2023-08-11,64349.08984,67500,68800,67500,68400,9781038
2023-08-14,64158.44531,67300,67900,66900,67500,9352343
2023-08-16,63872.44531,67000,67100,66300,66700,13174578
2023-08-17,63586.4375,66700,66800,66000,66300,10778652
2023-08-18,63205.11328,66300,66700,65800,66000,11745006
2023-08-21,63491.11719,66600,67100,66300,66600,9720067
2023-08-22,63491.11719,66600,67700,66300,67200,10500242
2023-08-23,63967.77344,67100,67100,66400,66700,9549352
2023-08-24,65016.42969,68200,68700,67900,68300,15044463
2023-08-25,63967.77344,67100,67400,66900,67100,7032462
2023-08-28,63681.77734,66800,67000,66500,66800,5824628
2023-08-29,63681.77734,66800,67200,66600,66900,9114352
2023-08-30,63967.77344,67100,67700,67100,67300,9181223
2023-08-31,63777.11328,66900,67200,66400,67100,15964630
2023-09-01,67685.71094,71000,71000,66700,66800,29738235
2023-09-04,67876.375,71200,72900,70700,72900,26286495
2023-09-05,67399.72656,70700,71500,70200,70900,12330239
2023-09-06,66732.40625,70000,70800,69700,70700,11414620
2023-09-07,67113.73438,70400,70600,69600,70000,13741241
2023-09-08,67018.39063,70300,70300,69600,70200,10688118
2023-09-11,67495.05469,70800,70800,70000,70400,11785462
2023-09-12,67209.0625,70500,71000,70400,70800,11688599
2023-09-13,67590.38281,70900,71600,70300,71100,15955797
2023-09-14,68353.03906,71700,71800,70800,71200,21041407
2023-09-15,68639.03125,72000,72300,71400,71700,17823512
2023-09-18,66923.07031,70200,71700,70200,71300,16040727
2023-09-19,66541.73438,69800,70800,69600,70400,11820188
2023-09-20,66351.07813,69600,70300,69500,70000,10873015
2023-09-21,65683.75,68900,69800,68800,69200,10796336
2023-09-22,65588.41406,68800,68900,68300,68300,9897840
2023-09-25,66160.39844,69400,69700,68500,68500,13582516
2023-09-26,65739.71875,68600,70000,68400,70000,13143470
2023-09-27,65548.05469,68400,69100,68200,68600,14886491
2023-10-04,64685.57031,67500,67700,66700,67400,23361149
2023-10-05,63918.92969,66700,67400,66700,67300,16108313
2023-10-06,63248.12109,66000,67300,66000,67100,14386527
2023-10-10,63631.44141,66400,67600,66200,66200,19889202
2023-10-11,65356.39844,68200,69400,67900,68600,25209349
2023-10-12,66027.21094,68900,69700,68200,68600,19311380
2023-10-13,65164.73828,68000,68500,67700,68000,9724086
2023-10-16,64493.92578,67300,68500,66800,67900,12599299
2023-10-17,66506.35156,69400,69900,67400,67700,17299253
2023-10-18,67560.49219,70500,70500,68800,68900,16493184
2023-10-19,66602.19531,69500,70000,69400,69700,13985012
2023-10-20,65931.375,68800,69200,68100,68900,15204495
2023-10-23,65548.05469,68400,69100,68200,68700,11625959
2023-10-24,65643.875,68500,68800,67700,68700,12791710
2023-10-25,65164.73828,68000,68800,67900,68800,10610703
2023-10-26,63918.92969,66700,67900,66700,67000,15517624
2023-10-27,64493.92578,67300,67300,66700,67100,11334726
2023-10-30,64493.92578,67300,67800,66700,66800,10139270
2023-10-31,64110.60156,66900,68300,66900,67600,14488892
2023-11-01,65739.71875,68600,68900,67300,67500,13775256
2023-11-02,66793.84375,69700,70000,69400,70000,16350031
2023-11-03,66698.02344,69600,70200,69500,69700,10322234
2023-11-06,67943.8125,70900,70900,69300,69800,22228489
2023-11-07,67943.8125,70900,70900,70000,70600,17228731
2023-11-08,66985.5,69900,71400,69700,71300,12901310
2023-11-09,67368.82813,70300,70800,69600,69900,12301373
2023-11-10,67560.49219,70500,70500,69500,70000,9684347
2023-11-13,67464.67188,70400,71300,70300,71300,9246919
2023-11-14,67847.98438,70800,71100,70600,71000,9567984
2023-11-15,69189.60156,72200,72200,71500,71600,20148677
2023-11-16,69764.58594,72800,73000,72300,72500,15860451
2023-11-17,69477.10938,72500,73000,72300,72300,11494644
2023-11-20,69668.77344,72700,73000,72100,72100,10610157
2023-11-21,69764.58594,72800,73400,72700,73100,9712881
2023-11-22,69764.58594,72800,73000,71900,72200,11105143
2023-11-23,69381.26563,72400,73200,72200,73000,6775614
2023-11-24,68710.45313,71700,72600,71700,72400,6676685
2023-11-27,68327.13281,71300,72100,71100,71500,9113857
2023-11-28,69668.77344,72700,72700,71300,71400,13283081
2023-11-29,69668.77344,72700,72800,72200,72400,9283933
2023-11-30,69764.58594,72800,72800,72200,72700,15783714
2023-12-01,68997.94531,72000,72500,71700,72400,9871284
2023-12-04,69572.92188,72600,72900,72400,72800,10229267
2023-12-05,68231.29688,71200,72400,71200,72300,12129682
2023-12-06,68710.45313,71700,72100,71600,71800,8123087
2023-12-07,68518.79688,71500,71900,71100,71800,8862017
2023-12-08,69572.92188,72600,72800,71900,72100,10859463
2023-12-11,69956.25781,73000,73000,72200,72800,9861960
2023-12-12,70435.39844,73500,73500,73100,73300,13758646
2023-12-13,69764.58594,72800,73500,72800,73300,13116766
2023-12-14,70052.07813,73100,74300,72500,74100,27567593
2023-12-15,70243.75,73300,74000,73200,73800,15419815
2023-12-18,69860.42969,72900,73400,72800,73300,9690551
2023-12-19,70339.57031,73400,73400,72800,73000,8907632
2023-12-20,71681.19531,74800,74900,73800,74200,16870156
2023-12-21,71872.85938,75000,75000,74300,74600,13478766
2023-12-22,72735.34375,75900,76300,75400,75800,14515608
2023-12-26,73406.15625,76600,76700,75700,76100,13164909
2023-12-27,75101.71094,78000,78000,76500,76700,20651042
2023-12-28,75583.14844,78500,78500,77500,77700,17797536
2024-01-02,76642.26563,79600,79800,78200,78200,17142847
2024-01-03,74138.875,77000,78800,77000,78500,21753644
2024-01-04,73753.73438,76600,77300,76100,76100,15324439
2024-01-05,73753.73438,76600,77100,76400,76700,11304316
2024-01-08,73657.46094,76500,77500,76400,77000,11088724
2024-01-09,71924.33594,74700,77700,74300,77400,26019249
2024-01-10,70865.21875,73600,75200,73200,75000,20259529
2024-01-11,70480.07031,73200,73600,72700,72900,57691266
2024-01-12,70383.78906,73100,74100,72800,73000,13038939
2024-01-15,71154.0625,73900,74000,73200,73200,2957915
2024-01-16,69902.36719,72600,73700,72500,73500,14760415
2024-01-17,68361.8125,71000,73300,71000,73100,22683660
2024-01-18,69035.8125,71700,72000,70700,71600,17853397
2024-01-19,71924.33594,74700,74700,73000,73500,23363427
2024-01-22,72309.47656,75100,76000,75000,75900,19673375
2024-01-23,72405.75781,75200,75800,74300,75700,14786224
2024-01-24,71250.35156,74000,75200,73500,75200,12860661
2024-01-25,71346.64063,74100,74800,73700,74200,11737747
2024-01-26,70672.64063,73400,74500,73300,73700,11160062
2024-01-29,71635.47656,74400,75200,73500,73800,13976521
2024-01-30,71539.19531,74300,75300,73700,75000,12244418
2024-01-31,69998.67188,72700,74000,72500,73400,15703560
2024-02-01,70865.21875,73600,74200,72900,73000,19881033
2024-02-02,72405.75781,75200,75200,73700,74000,14955881
2024-02-05,71539.19531,74300,74800,73500,74200,19026021
2024-02-06,71635.47656,74400,74700,73300,74300,14559254
2024-02-07,72213.20313,75000,75500,74300,74600,16566445
2024-02-08,71346.64063,74100,75200,73600,75000,20810708
2024-02-13,72405.75781,75200,75200,74400,74800,21966745
2024-02-14,71250.35156,74000,74300,73700,73700,12434945
2024-02-15,70480.07031,73200,74400,73000,74200,14120600
2024-02-16,70094.94531,72800,73400,72500,73300,13444781
2024-02-19,71057.78125,73800,73900,72800,72800,12726404
2024-02-20,70576.35938,73300,73700,72800,73700,14681477
2024-02-21,70287.51563,73000,73700,72900,73400,11503495
2024-02-22,70383.78906,73100,73900,72700,73800,15208934
2024-02-23,70191.22656,72900,74200,72900,73600,16225166
2024-02-26,70094.94531,72800,73200,72200,72300,14669352
2024-02-27,70191.22656,72900,73400,72700,73100,13201981
2024-02-28,70480.07031,73200,73900,72800,72900,11795859
2024-02-29,70672.64063,73400,73400,72000,72600,21176403
2024-03-04,72116.91406,74900,75000,74000,74300,23210474
2024-03-05,70961.5,73700,74800,73700,74600,19505125
2024-03-06,70191.22656,72900,73500,72700,73200,21547905
2024-03-07,69517.23438,72200,73300,72200,73100,14516963
2024-03-08,70576.35938,73300,73400,72600,72800,19271349
2024-03-11,69709.80469,72400,73100,72300,72900,9740504
2024-03-12,70576.35938,73300,73500,72100,72600,13011654
2024-03-13,71346.64063,74100,74100,73500,73700,15243134
2024-03-14,71539.19531,74300,74500,73600,74400,22545539
2024-03-15,69613.53125,72300,73700,72300,73400,22580555
2024-03-18,70094.94531,72800,73000,72500,72600,11520348
2024-03-19,70094.94531,72800,73000,71700,72300,15376066
2024-03-20,74042.59375,76900,77200,73400,73700,50106297
2024-03-21,76353.41406,79300,79300,77700,79200,44569799
2024-03-22,75968.28125,78900,79900,77800,79600,26724761
2024-03-25,75294.28125,78200,79800,77800,79600,18703996
2024-03-26,76931.125,79900,80100,79200,79700,30551494
2024-03-27,76834.84375,79800,80000,79200,79200,17424595
2024-03-28,78151.22656,80800,81000,79200,79400,25084812
2024-03-29,79698.75781,82400,82500,80900,81200,27126366
2024-04-01,79311.875,82000,83300,82000,83200,20116513
2024-04-02,82213.53125,85000,85000,82900,82900,37077944
2024-04-03,81343.03125,84100,85000,83500,84300,30493347
2024-04-04,82503.70313,85300,85500,84300,85200,25248934
2024-04-05,81729.92969,84500,85000,83800,84500,18883752
2024-04-08,81729.92969,84500,86000,84500,85200,18953232
2024-04-09,80859.42969,83600,84900,83100,84500,23725956
2024-04-11,81343.03125,84100,84700,82500,83200,25538009
2024-04-12,80956.14063,83700,84900,83200,84700,17061770
2024-04-15,79505.33594,82200,83200,81200,82900,26663772
2024-04-16,77377.44531,80000,81300,79400,81200,31949845
2024-04-17,76313.5,78900,80800,78900,80700,22611631
2024-04-18,76990.55469,79600,80100,78300,78800,21370190
2024-04-19,75056.125,77600,78700,76300,78300,31317563
2024-04-22,73605.28906,76100,77500,75100,77400,30469477
2024-04-23,73024.96094,75500,76800,75500,76400,18717699
2024-04-24,76023.34375,78600,78800,77200,77500,22166150
2024-04-25,73798.75,76300,77500,76300,77300,15549134
2024-04-26,74185.63281,76700,77900,76500,77800,12755629
2024-04-29,74185.63281,76700,77600,76200,77400,14664474
2024-04-30,74959.39844,77500,78500,76600,77000,19007007
2024-05-02,75443,78000,78600,77300,77600,18900640
2024-05-03,75056.125,77600,79000,77500,79000,13151889
2024-05-07,78634.83594,81300,81300,79400,79600,26238868
2024-05-08,78634.83594,81300,81400,80500,80800,13089576
2024-05-09,77087.27344,79700,81500,79700,81100,18759935
2024-05-10,76603.67188,79200,81100,78900,80400,16976124
2024-05-13,75829.89844,78400,79900,77600,79400,18652344
2024-05-14,75733.17188,78300,78800,77900,78600,11763992
2024-05-16,75636.45313,78200,80300,78100,80200,20989778
2024-05-17,74862.67188,77400,78800,77200,78600,15918201
2024-05-20,76313.5,78900,79100,77900,78100,19456783
2024-05-21,75829.89844,78400,79000,78200,78500,13690583
2024-05-22,75152.83594,77700,78700,77300,78100,19521506
2024-05-23,75733.17188,78300,79100,77100,77700,18728087
2024-05-24,73411.85156,75900,77000,75700,76800,27891278
2024-05-27,74669.24219,77200,78200,74000,75300,43825202
2024-05-28,75056.125,77600,78000,76200,76500,18539072
2024-05-29,72734.79688,75200,78200,75200,77700,30244875
2024-05-30,71090.51563,73500,75200,73500,74800,28551273
2024-05-31,71090.51563,73500,74700,73500,74500,26198776
2024-06-03,73218.39844,75700,76400,74200,74400,15706268
2024-06-04,72831.51563,75300,76100,74900,74900,14098053
2024-06-05,74862.67188,77400,78000,76800,78000,23177968
2024-06-07,74765.96094,77300,78600,77100,78400,21189349
2024-06-10,73218.39844,75700,76600,75600,76100,14598755
2024-06-11,72734.79688,75200,76000,75100,75900,16971175
2024-06-12,73992.1875,76500,77100,75200,75300,19246725
2024-06-13,76023.34375,78600,79000,77800,78400,33763804
2024-06-14,76990.55469,79600,80500,79000,79700,22926612
2024-06-17,75539.73438,78100,79500,78000,79200,16123051
2024-06-18,77184.00781,79800,80200,78600,78700,18207598
2024-06-19,78538.10938,81200,82500,80500,81100,24168863
2024-06-20,78925,81600,82200,81200,81500,20288913
2024-06-21,77377.44531,80000,80800,80000,80700,17907523
2024-06-24,77957.77344,80600,80900,79500,79700,15454227
2024-06-25,78151.22656,80800,81800,80100,80600,19088458
2024-06-26,78634.83594,81300,81400,79900,80100,17783242
2024-06-27,79277.01563,81600,81600,80500,81300,11739720
2024-06-28,79179.85938,81500,81900,80800,81900,9455929
2024-07-01,79471.3125,81800,82100,81300,81500,11317202
2024-07-02,79471.3125,81800,82600,81500,82500,14471904
2024-07-03,79471.3125,81800,82300,81000,82300,11440328
2024-07-04,82191.60156,84600,84700,82400,82900,43857229
2024-07-05,84620.4375,87100,87100,85200,85600,45791193
2024-07-08,84911.90625,87400,88600,86900,87900,24035809
2024-07-09,85300.51563,87800,88200,86900,87800,21336201
2024-07-10,85300.51563,87800,88000,87100,87600,17813847
2024-07-11,85106.20313,87600,88800,86700,88500,24677608
2024-07-12,81997.29688,84400,86100,84100,85900,26344386
2024-07-15,84231.82813,86700,87300,84100,84700,25193080
2024-07-16,85203.35938,87700,88000,86700,86900,16166688
2024-07-17,84231.82813,86700,88000,86400,87100,18186490
2024-07-18,84426.125,86900,86900,83800,83800,24721790
2024-07-19,81997.29688,84400,86100,84100,85600,18569122
2024-07-22,80637.15625,83000,84900,82600,84400,18987560
2024-07-23,81511.53906,83900,84700,83400,84200,15766389
2024-07-24,79665.625,82000,83300,81900,82900,16939083
2024-07-25,78111.17969,80400,81000,80100,80400,20323811
2024-07-26,78596.9375,80900,81300,80400,80700,14508334
2024-07-29,78888.39844,81200,82000,81100,81600,12797136
2024-07-30,78694.10156,81000,81000,80000,80400,13169636
2024-07-31,81511.53906,83900,83900,80900,81200,20744323
2024-08-01,80734.3125,83100,86100,83100,86000,20900338
2024-08-02,77333.94531,79600,81400,79500,81000,25800275
2024-08-05,69367.38281,71400,76900,70200,76700,54608790
2024-08-06,70436.07031,72500,75300,72300,74900,47295226
2024-08-07,72573.44531,74700,76000,72800,73000,32710428
2024-08-08,71310.45313,73400,73900,72500,73200,28414729
2024-08-09,72573.44531,74700,75800,74200,75700,16388222
2024-08-12,73350.66406,75500,75900,74800,75200,9839259
2024-08-13,73933.58594,76100,76600,75500,76500,10716261
2024-08-14,75002.27344,77200,77800,77000,77400,13246168
2024-08-16,77916.86719,80200,80200,78700,79400,22061478
2024-08-19,76070.95313,78300,80100,78000,80100,14146565
2024-08-20,76653.875,78900,79800,78700,79500,10683836
2024-08-21,76070.95313,78300,78600,77800,77900,7805598
2024-08-22,76070.95313,78300,78900,77800,78700,8149101
2024-08-23,75488.03125,77700,78400,77500,77700,9420306
2024-08-26,73933.58594,76100,78200,76000,78100,15655938
2024-08-27,73642.125,75800,76500,75600,75700,11130145
2024-08-28,74225.04688,76400,76400,75400,75800,9794514
2024-08-29,71893.375,74000,74700,73500,73600,16884479
2024-08-30,72184.82813,74300,75000,74100,74400,16358520
2024-09-02,72281.98438,74400,74700,73500,74500,12641376
2024-09-03,70436.07031,72500,74300,72500,74100,16314599
2024-09-04,68007.24219,70000,71100,69800,69800,27366563
2024-09-05,67035.70313,69000,71200,69000,70100,25686769
2024-09-06,66938.55469,68900,69700,68000,69100,19022299
2024-09-09,65578.40625,67500,68200,66600,66900,23263298
2024-09-10,64315.41797,66200,67300,66000,67000,30651376
2024-09-11,63052.42969,64900,65500,64200,65100,35809707
2024-09-12,64412.57813,66300,66600,65200,66000,35884106
2024-09-13,62566.66406,64400,65500,64300,65000,25045135
2024-09-19,61303.66797,63100,64400,62200,64000,49402713
2024-09-20,61206.51953,63000,64700,63000,63800,32746056
2024-09-23,60817.90234,62600,63500,62200,62300,28542376
2024-09-24,61400.82422,63200,63400,62400,62800,26957500
2024-09-25,60429.29297,62200,64200,62200,63800,28652438
2024-09-26,62858.12109,64700,64900,63700,63900,37566015
2024-09-27,62722.31641,64200,65400,64200,64700,28433030
2024-09-30,60084.46484,61500,64300,61500,64200,32694163
2024-10-02,59889.06641,61300,61900,59900,60500,28473536
2024-10-04,59205.18359,60600,61700,60500,61000,24247578
2024-10-07,59595.97266,61000,61900,59500,60200,35066533
2024-10-08,58912.08594,60300,61000,59900,60000,27411786
2024-10-10,57544.30859,58900,60200,58900,60100,45262214
2024-10-11,57935.10547,59300,60100,59000,59100,29623969
2024-10-14,57935.10547,59300,61200,59400,59500,20886249
2024-10-15,59595.97266,61000,61400,60100,61100,22715239
2024-10-16,58130.50391,59500,60000,59200,59400,23303268
2024-10-17,58325.89844,59700,60100,59100,59400,23372873
2024-10-18,57837.40625,59200,60100,59100,59900,14420260
2024-10-21,57642.00781,59000,59600,58500,59000,18514905
2024-10-22,56371.93359,57700,58900,57700,58800,27582527
2024-10-23,57739.70313,59100,60000,57100,57500,27300780
2024-10-24,55297.25391,56600,58500,56600,58200,31499922
2024-10-25,54613.35938,55900,56900,55800,56000,25829315
2024-10-28,56762.72266,58100,58500,55700,55700,27775009
2024-10-29,58228.19531,59600,59600,57300,58000,28369314
2024-10-30,57739.70313,59100,59800,58600,59100,19838511
2024-10-31,57837.40625,59200,61200,58300,58500,35809196
2024-11-01,56958.12109,58300,59600,58100,59000,19083180
2024-11-04,57348.91797,58700,59400,58400,58600,15586947
2024-11-05,56274.23438,57600,58100,57200,57800,17484474
2024-11-06,55981.13672,57300,58000,56300,57600,22092218
2024-11-07,55981.13672,57300,58100,56800,56900,17043102
2024-11-08,55688.04297,57000,58300,57000,58000,13877396
2024-11-11,53734.07422,55000,56800,55000,56700,29811326
2024-11-12,51780.10938,53000,54600,53000,54600,37962881
2024-11-13,49435.34766,50600,53000,50500,52000,52527995
2024-11-14,48751.46094,49900,51800,49900,50200,48510715
2024-11-15,52268.59766,53500,54200,50300,50300,46774485
2024-11-18,55394.94141,56700,57500,55900,57000,48095234
2024-11-19,55004.15625,56300,57500,55900,56500,31539632
2024-11-20,54027.17578,55300,56500,54800,56100,20864667
2024-11-21,55101.85156,56400,56900,54700,54900,19096850
2024-11-22,54711.05859,56000,56700,55900,56000,15281543
2024-11-25,56567.32422,57900,57900,56700,57400,36237325
2024-11-26,56958.12109,58300,58900,57500,57900,23209405
2024-11-27,55004.15625,56300,57800,56000,57700,21808387
2024-11-28,54222.57031,55500,56400,55200,56000,20001134
2024-11-29,52952.49219,54200,55300,53800,55100,24513531
2024-12-02,52366.30078,53600,54400,53100,54300,22044867
2024-12-03,52366.30078,53600,54400,53100,53100,23374603
2024-12-04,51877.8125,53100,53400,52000,52000,29004766
2024-12-05,52463.99609,53700,54400,53200,53200,23588277
2024-12-06,52854.79297,54100,54400,52700,53900,22861874
2024-12-09,52170.90625,53400,54600,53200,53500,26227680
2024-12-10,52757.08984,54000,54500,53700,54500,20783970
2024-12-11,52757.08984,54000,54200,53400,53600,14565947
2024-12-12,54613.35938,55900,56500,53900,54000,33476698
2024-12-13,54808.75781,56100,56300,55500,55800,15908823
2024-12-16,54320.26172,55600,56600,55200,56300,15277277
2024-12-17,52952.49219,54200,55200,54000,54700,20215230
2024-12-18,53636.37891,54900,55400,54000,54100,13698937
2024-12-19,51877.8125,53100,53800,53100,53500,22481925
2024-12-20,51780.10938,53000,53100,51900,52700,24674774
2024-12-23,52268.59766,53500,54000,53300,53400,13672650
2024-12-24,53147.88672,54400,54500,53600,53700,11634677
2024-12-26,52366.30078,53600,54600,53500,54500,10517075
2024-12-27,52821.72656,53700,54100,53200,53500,10747196
2024-12-30,52329.90625,53200,54000,53100,53300,12624702
2025-01-02,52526.62891,53400,53600,52300,52700,16630538
2025-01-03,53510.27734,54400,55100,52800,52800,19318046
2025-01-06,54985.74609,55900,56200,54300,54400,19034284
2025-01-07,54493.92188,55400,57300,55400,56800,17030235
2025-01-08,56362.85156,57300,57500,54700,54800,26593553
2025-01-09,55182.47656,56100,57700,56100,57600,24490592
2025-01-10,54395.5625,55300,56500,55200,56100,16059223
2025-01-13,53215.18359,54100,55000,54100,54600,16868600
2025-01-14,53018.45703,53900,54600,53700,54200,17465926
2025-01-15,52821.72656,53700,54700,53500,54100,18625025
2025-01-16,53411.91406,54300,55000,54100,54200,18627298
2025-01-17,52821.72656,53700,54100,53200,53800,18805344
2025-01-20,52526.62891,53400,53900,53300,53600,11822531
2025-01-21,52624.99609,53500,54300,53300,53700,13535702
2025-01-22,53411.91406,54300,54400,53100,53400,18341991
2025-01-23,52821.72656,53700,54100,53500,53700,15588067
2025-01-24,52821.72656,53700,53800,53200,53600,11867631
2025-01-31,51542.98828,52400,53000,51700,52200,42186279
2025-02-03,50165.88672,51000,51400,50800,51100,32344897
2025-02-04,51838.08594,52700,53600,51500,51600,27214851
2025-02-05,52034.80859,52900,53800,52800,53600,15974885
2025-02-06,53116.82031,54000,54000,53200,53400,16466025
2025-02-07,52821.72656,53700,54200,53600,53900,14476866
2025-02-10,54690.65234,55600,55900,52900,53000,27577591
2025-02-11,54789.01563,55700,56300,55000,55500,24596196
2025-02-12,54887.38281,55800,55900,54500,55100,26428596
2025-02-13,54887.38281,55800,56400,55600,56100,22448377
2025-02-14,55084.10938,56000,57300,56000,56000,23979779
2025-02-17,55084.10938,56000,56500,55700,56100,11916027
2025-02-18,55969.38672,56900,57200,55900,56200,22131007
2025-02-19,57739.95313,58700,58900,57300,57400,25395151
2025-02-20,57444.85547,58400,59100,58100,59100,21589059
2025-02-21,57248.13281,58200,58500,57100,58400,22198428
2025-02-24,56362.85156,57300,57700,57200,57300,14138471
2025-02-25,56264.48438,57200,57800,56500,56600,14625181
2025-02-26,55674.29688,56600,57100,56100,57000,18117091
2025-02-27,55379.20313,56300,57100,56200,56500,14975356
2025-02-28,53608.64453,54500,55700,54500,55400,28036698
2025-03-04,53608.64453,54500,55000,53800,53900,18553933
2025-03-05,53116.82031,54000,55400,54000,55100,16578817
2025-03-06,53411.91406,54300,54500,54000,54100,12258101
2025-03-07,52821.72656,53700,54200,53400,53500,14274992
2025-03-10,52821.72656,53700,54800,53500,53500,12921670
2025-03-11,52723.36328,53600,54100,52500,52500,17740891
2025-03-12,54002.09766,54900,55300,53600,53800,17973221
2025-03-13,53805.375,54700,55900,54200,55800,24132151
2025-03-14,53805.375,54700,55100,54400,54500,10845154
2025-03-17,56657.94141,57600,57800,55400,55500,35559021
2025-03-18,56657.94141,57600,59000,57300,58800,28138594
2025-03-19,57543.22266,58500,59200,57400,57400,29421759
2025-03-20,59215.42188,60200,60300,58500,59200,34989004
2025-03-21,60690.88281,61700,61700,60400,60900,40155612
2025-03-24,59510.51172,60500,61600,60500,61200,14088094
2025-03-25,58821.96094,59800,61100,59500,60900,17259455
2025-03-26,60395.79688,61400,61400,59700,59800,16431645
2025-03-27,60789.25,61800,62000,60800,60900,20389790
2025-03-28,59567.23438,60200,61100,60000,60700,16282514
2025-03-31,57192.45703,57800,59700,57800,59500,17633494
2025-04-01,58181.94922,58800,59600,57900,58700,13841706
2025-04-02,58181.94922,58800,59400,58300,58800,14402297
2025-04-03,56994.55859,57600,57800,56900,56900,19508076
2025-04-04,55510.32813,56100,58200,55700,56200,23527139
2025-04-07,52640.80859,53200,54100,53100,53300,31998883
2025-04-08,52937.65625,53500,55300,53300,55000,25532845
2025-04-09,52442.91406,53000,54300,52900,53300,20576960
2025-04-10,55807.17578,56400,56700,55000,56600,22948172
2025-04-11,54619.78906,55200,55700,54800,55600,13930480
2025-04-14,55609.27734,56200,56700,55800,56300,12852613
2025-04-15,56005.07031,56600,57100,56200,56300,8998640
2025-04-16,54125.04297,54700,56200,54500,56000,14437025
2025-04-17,54520.83984,55100,55300,54500,54700,10867069
2025-04-18,54718.73828,55300,55600,54900,55300,5848342
2025-04-21,54817.6875,55400,56000,55100,55200,5941847
2025-04-22,54421.89063,55000,55500,54700,54900,9532469
2025-04-23,55114.53516,55700,56100,55500,56000,11148692
2025-04-24,55114.53516,55700,55800,55200,55600,10580377
2025-04-25,55114.53516,55700,56400,55600,56400,12183303
2025-04-28,55213.48438,55800,55900,55500,55800,9341518
2025-04-29,55213.48438,55800,56500,55600,55700,10295518
2025-04-30,54916.63672,55500,56000,55300,55900,13014189
2025-05-02,53729.25,54300,55500,54200,55000,22454204
2025-05-07,54026.09375,54600,55000,54300,54500,17136991
2025-05-08,54026.09375,54600,55500,54500,55100,16320532
2025-05-09,54223.99219,54800,55000,54400,54700,7814322
2025-05-12,56994.55859,57600,57600,55000,55200,15414702
2025-05-13,56301.91797,56900,58200,56800,57700,16842801
2025-05-14,56796.66406,57400,57900,57000,57500,12468089
2025-05-15,56697.71484,57300,58600,57100,57400,13139736
2025-05-16,56202.96875,56800,57500,56700,57400,10385352
2025-05-19,55213.48438,55800,56400,55500,56400,9802105
2025-05-20,55312.43359,55900,56700,55700,56200,9080577
2025-05-21,55114.53516,55700,56600,55700,56200,7794181
2025-05-22,54125.04297,54700,55500,54500,55300,15254278
2025-05-23,53630.30078,54200,55200,54100,55000,11247115
2025-05-26,54125.04297,54700,55000,53700,53900,10901337
2025-05-27,53333.45313,53900,54500,53800,54200,13439520
2025-05-28,55312.43359,55900,56100,54200,54300,17516283
2025-05-29,55510.32813,56100,56400,55600,56200,12936810
2025-05-30,55609.27734,56200,57200,55800,56200,26219683
2025-06-02,56202.96875,56800,57300,56200,56300,12870515
2025-06-04,57192.45703,57800,57900,56800,57200,19649983
2025-06-05,58478.79297,59100,59900,57900,58100,23266027
2025-06-09,59171.4375,59800,60400,59500,60400,19609659
2025-06-10,58577.74219,59200,60100,58800,60000,15305760
2025-06-11,59270.38672,59900,60100,59400,59500,13610734
2025-06-12,58874.58984,59500,60000,59300,59700,17755115
2025-06-13,57687.20313,58300,60200,57700,60200,20705979
2025-06-16,56598.76563,57200,58100,56900,58000,22200872
2025-06-17,57489.30469,58100,59800,57400,57800,28637003
2025-06-18,59171.4375,59800,59800,57900,58000,17620705
2025-06-19,58577.74219,59200,60600,59000,60500,16876278
2025-06-20,58874.58984,59500,59800,59100,59400,18072251
2025-06-23,57390.35547,58000,58500,57600,58400,16551694
2025-06-24,59864.08203,60500,60600,59300,59400,23737899
2025-06-25,60655.67188,61300,61600,60300,61500,23933612
2025-06-26,59567.23438,60200,61300,59900,61300,19402300
2025-06-27,60529.9375,60800,61600,60000,60100,17340470
2025-06-30,59534.37891,59800,61200,59800,61200,17110294
2025-07-01,59932.60547,60200,61100,60200,60400,13650991
2025-07-02,60529.9375,60800,60900,59800,60200,15047951
2025-07-03,63516.61328,63800,63800,61100,61300,32040639
2025-07-04,63018.83594,63300,64700,63000,64700,23748959
2025-07-07,61425.94141,61700,63300,61700,62900,17164708
2025-07-08,61127.27344,61400,62400,61000,61600,20213724
2025-07-09,60131.71484,60400,61400,60200,61400,17533415
2025-07-10,60729.05078,61000,61200,60400,60600,14768473
2025-07-11,62321.94531,62600,62800,61200,61300,19140650
2025-07-14,62222.38672,62500,62600,61800,62300,13563846
2025-07-15,63417.05859,63700,63800,62000,62300,18442202
2025-07-16,64412.61719,64700,64700,63100,63700,23042660
2025-07-17,66403.73438,66700,66800,64400,65900,39448683
2025-07-18,66801.95313,67100,67800,66300,67000,23951531
2025-07-21,67498.84375,67800,68800,67200,67400,17723148
2025-07-22,65706.84375,66000,68500,65600,68100,20829006
2025-07-23,66105.0625,66400,66500,64900,66200,15687058
2025-07-24,65706.84375,66000,66800,65900,66500,12660193
2025-07-25,65607.28906,65900,66300,65500,65700,8080910
2025-07-28,70087.29688,70400,70400,67200,68200,35332500
2025-07-29,70286.40625,70600,70800,68800,70800,28190940
2025-07-30,72277.52344,72600,73700,70600,71000,34761444
2025-07-31,71082.85938,71400,74000,71000,73000,26568072
2025-08-01,68593.96094,68900,72000,68800,70200,24038534
2025-08-04,69390.40625,69700,70200,68700,69500,14780072
2025-08-05,69589.51563,69900,71500,69700,71000,14392903
2025-08-06,68494.40625,68800,69400,68300,69200,12542415
2025-08-07,70186.85156,70500,71000,69700,70800,15008213
2025-08-08,71481.07813,71800,72400,70700,71000,22241128
2025-08-11,70684.63281,71000,72100,70800,72000,11354253
2025-08-12,70784.1875,71100,72400,71100,71100,15797656
2025-08-13,71580.63281,71900,72100,71400,71900,12305742
2025-08-14,71281.96875,71600,71900,71200,71900,11946122
2025-08-18,69689.07031,70000,71200,70000,71100,13595591
2025-08-19,69689.07031,70000,70700,69700,70400,10533082
2025-08-20,70186.85156,70500,70700,69400,70100,17445516
2025-08-21,70286.40625,70600,71900,70600,71500,18843833
2025-08-22,71082.85938,71400,71800,70800,71700,9277432
2025-08-25,71182.41406,71500,71800,71000,71700,10345178
2025-08-26,69987.74219,70300,71100,70300,70800,14712519
2025-08-27,70286.40625,70600,70900,69800,70100,10523405
2025-08-28,69290.85156,69600,70400,69600,70100,11578024
2025-08-29,69390.40625,69700,70500,69700,70100,11682267
2025-09-01,67299.73438,67600,68600,67500,68400,12002343
2025-09-02,68793.07031,69100,69500,67800,67800,10604028
2025-09-03,69489.96094,69800,69800,68800,69200,10283009
2025-09-04,69788.63281,70100,70100,69300,69500,12284414
2025-09-05,69191.29688,69500,70400,69500,70300,11526724
2025-09-08,69788.63281,70100,70500,69600,69800,9263135
2025-09-09,71182.41406,71500,71500,70000,70100,14870245
2025-09-10,72277.52344,72600,72800,71600,71800,21928565
2025-09-11,73073.96875,73400,73600,72100,73200,20793501
2025-09-12,75065.08594,75400,75600,74200,74600,28219678
2025-09-15,76160.20313,76500,77600,75900,77200,19908805
2025-09-16,79047.32031,79400,79500,76700,76900,28218265
2025-09-17,77852.64844,78200,79100,77100,79100,20856317
2025-09-18,79943.32031,80300,80500,78600,79100,25619035
2025-09-22,83129.10938,83500,84000,81100,81500,27529656
2025-09-23,84323.78125,84700,85900,83600,85800,23610263
2025-09-24,85020.67188,85400,85500,83700,84200,18300997
2025-09-25,85717.5625,86100,86200,84100,84400,19665151
2025-09-26,82930,83300,85300,82400,85000,24071193
2025-09-29,84200,84200,85000,83200,83300,13069094
2025-09-30,83900,83900,84900,83400,84600,16319061
2025-10-01,86000,86000,86200,84700,84900,22039361
2025-10-02,89750,89750,90300,88700,89300,49883028
2025-10-10,94400,94400,94500,92700,94000,35269748
2025-10-13,93300,93300,93400,90700,91300,23883308
2025-10-14,91600,91600,96000,90200,95300,35545235
2025-10-15,95000,95000,95300,92100,92300,21050111
2025-10-16,97700,97700,97700,95000,95300,28141060
2025-10-17,97900,97900,99100,96700,97200,22730809
2025-10-20,98100,98100,98300,96000,97900,17589756
2025-10-21,97500,97500,99900,97300,98500,22803830
2025-10-22,98600,98600,98600,95500,97100,15937611
2025-10-23,96500,96500,98500,96300,96800,18488581
2025-10-24,98800,98800,99000,97700,97900,18801925
2025-10-27,102000,102000,102000,100600,101300,22169970
2025-10-28,99500,99500,101000,99100,100900,20002282
2025-10-29,100500,100500,101000,99100,100200,20899788
2025-10-30,104100,104100,105800,102000,102400,34570017
2025-10-31,107500,107500,108600,103300,105000,54824564
2025-11-03,111100,111100,111500,106500,106900,30110066
2025-11-04,104900,104900,112400,104900,111800,30450281
2025-11-05,100600,100600,102000,96700,101000,44843020
2025-11-06,99200,99200,103800,98800,103700,28655689
2025-11-07,97900,97900,100300,96300,96400,22908083
2025-11-10,100600,100600,101000,97900,98600,23842327
2025-11-11,103500,103500,106000,102000,103700,27742542
2025-11-12,103100,103100,103900,101600,103000,19413497
2025-11-13,102800,102800,104200,102300,102500,20838741
2025-11-14,97200,97200,99600,97200,99000,21806342
2025-11-17,100600,100600,101000,99500,99800,17192584
2025-11-18,97800,97800,100900,97500,99800,18684068
2025-11-19,96500,96500,97500,94600,97100,18993346
2025-11-20,100600,100600,102900,99500,100900,25360435
2025-11-21,94800,94800,96800,94500,95600,23103574
2025-11-24,96700,96700,99000,96200,97800,29831172
2025-11-25,99300,99300,101400,97800,101400,16110054
2025-11-26,102800,102800,102900,99300,100500,21314975
2025-11-27,103500,103500,105500,102700,104100,16453004
2025-11-28,100500,100500,103800,100500,103800,15292277
2025-12-01,100800,100800,102800,99900,102000,10905526
2025-12-02,103400,103400,103500,101000,101200,13649487
2025-12-03,104500,104500,105500,104000,104700,14697927
2025-12-04,105100,105100,105100,103200,103900,11931145
2025-12-05,108400,108400,108400,104600,105300,19755571
2025-12-08,109500,109500,110000,108000,109700,15527762
2025-12-09,108400,108400,109400,107300,108900,13671800
2025-12-10,108000,108000,109800,107400,108300,12365092
2025-12-11,107300,107300,110500,107300,109200,22994507
2025-12-12,108900,108900,108900,106800,107100,14210314
2025-12-15,104800,104800,105800,104600,105300,20594654
2025-12-16,102800,102800,105600,102700,104900,18852079
2025-12-17,107900,107900,108100,103400,103500,22297611
2025-12-18,107600,107600,108200,105700,106400,20445631
2025-12-19,106300,106300,109700,106200,109700,25917098
2025-12-22,110500,110500,110500,109300,109700,24859171
2025-12-23,111500,111500,112500,110400,110900,20419187
2025-12-24,111100,111100,112400,110900,112400,12492939
2025-12-26,117000,117000,117000,112400,112400,34018174
2025-12-29,119500,119500,119700,118200,119400,19676004
2025-12-30,119900,119900,121200,118700,119100,19746349
